相談内容,回答内容,回答に使用したQA資料
クレジットカードについて,クレジットカードに関する内容は、提供された情報内には直接触れられていません。滋賀県国際協会の情報の根拠として挙げられているのは、電子マネーのトラブルと未納請求の詐欺対策、マイナンバー関連情報などです。クレジットカードに関する具体的な注意点や手続きについては、掲載ソースには含まれていないため、現時点での事実ベースの回答はできません。必要であれば、該当する公式情報を別途ご案内します（例：金融庁や警察の詐欺対策情報など）。,"[{""sid"": ""S1"", ""question"": ""金融トラブルにご注意！！"", ""answer"": ""電子マネーのトラブル\nインターネット有料サイトの利用料金未納を騙った架空請求など、詐欺行為の支払手段として現金だけでなく、電子マネーを悪用した被害が急増しています。\n※预プリペイドカードなどの電子マネーは、相手にカードを渡さなくても、カードに記載された番号等を伝えるだけで電子マネーの価値を譲渡したことになります。\n詐欺です！：「コンビニで電子マネーカードを買って、カード番号を教えて。\n」\n！身に覚えのない請求等に返信、連絡しないでください。\n！事業者、法務省や裁判所などが「未納料金などの支払い」の名目で、　　コンビニで電子マネーカードを購入させることは絶対にありません。\nマネー・ロンダリング（犯罪に関係するお金を持っている人をわからなくすること）は違法です！\n詐欺です！：「このお金をあなたの口座から送金してほしいんです。一万円あげますから。」\n！口座を他人にあげるなどの行為は違法です。\n！違法な業者かどうか判断できない場合はその業者は使わないでください。\n　金融庁ウェブサイトの資金移動業者登録一覧に載っていない業者は違法です。\nここから確認できます→　https://www.fsa.go.jp/menkyo/menkyoj/shikin_idou.pdf\n。\nメール・SMS（ショートメッセージサービス）による被害防止対策として、あらかじめ受信拒否設定をしておくことが効果的です。\n！おかしいと思ったら、すぐに家族や友人、警察＃9110（警察相談専用電話）に相談！\n- 消費者ホットライン　　　　１８８　（日本語）\n- 訪日外国人観光客消費者ホットライン 03-5449-0906\n- 金融サービス利用者相談室0570-016811（从ＩＰ電話からは：03-5251-6811）\n- 英語ワンストップ窓口　　　email: equestion@fsa.go.jp""}]"
母と娘の対立,母と娘の対立については、まず家庭裁判所の調停を検討できます。大津家庭裁判所、彦根支部、長浜支部のいずれかに連絡して調停の手続きを進められます。問い合わせ先は下記です。- 大津家庭裁判所 077-503-8151 - 大津家庭裁判所 彦根支部 0749-22-0167 - 大津家庭裁判所 長浜支部 0749-62-0240 - 京都外国人の夫婦と親子に関する紛争解決センター 075-692-3555,"[{""sid"": ""S1"", ""question"": ""離婚についての話し合いがうまくいきません。"", ""answer"": ""家庭裁判所の調停で話し合うことができます。（日本語）\n- 大津家庭裁判所 　℡　077-503-8151\n- 大津家庭裁判所 彦根支部 　℡　0749-22-0167\n- 大津家庭裁判所 長浜支部 　℡　0749-62-0240\n- 京都外国人の夫婦と親子に関する紛争解決センター 　℡　075-692-3555""}]"
フィリピンに送る荷物,滋賀県国際協会の情報だけで事実ベースで回答します。ペットをフィリピンへ送る場合の具体的な荷物の取り扱い・必要書類は、動物検疫所を含む日本の外交・検疫手続きに従います。出発前に動物検疫所へ連絡して、輸出要件・受入国の受入検査・証明書等の要件を確認してください。到着国の規定にも適合させる必要があります。できるだけ早めに動物検疫所に相談してください。,"[{""sid"": ""S1"", ""question"": ""ペットを出国、入国させる場合は？"", ""answer"": ""ペットを海外へ連れて行ったり、持ち帰ったりするときは、日本と相手国に入るための条件をクリアする必要があります。手続きに時間がかかるので、できるだけ早く動物検疫所に連絡してください。\n動物検疫所 (http://www.maff.go.jp/aqs/animal/index.html)""}]"
カードの暗証番号,ご質問の「カードの暗証番号」について、提供された情報（S1〜S5）にはマイナンバーカードの暗証番号の取り扱いに関する記載は含まれていません。従って、滋賀県国際協会の情報だけを根拠に簡潔にお答えすることはできません。正確な暗証番号の取り扱いは発行元の案内や公式窓口にご確認ください。,"[{""sid"": ""S1"", ""question"": ""マイナンバーカードを健康保険証として利用できます！"", ""answer"": ""専用のカードリーダーが設置された医療機関・薬局で、マイナンバーカードが健康保険証として利用できるようになります。事前申し込みが必要です。\nマイナンバー総合フリーダイヤル\n℡　０１２０－９５－０１７８（日本語のみ）\n℡　０１２０－０１７８－２６（英語、中国語、韓国語、スペイン語、ポルトガル語）\nお住まいの市町にお問い合わせください。""}]"
貸付金の返済減額とエアコンの設置,"滋賀県国際協会の情報のみを根拠に簡潔に回答します。貸付金の返済減額については、提供された情報には具体的な減額制度の記述はありません。教育資金の制度については、低所得者世帯向けの教育支援金（無利子）、ひとり親家庭等向けの貸付（無利子）などが案内されていますが、返済減額の制度やエアコン設置の補助についての記述はありません。エアコンの設置についても、同様に該当する補助情報は見当たりません。賃貸契約に関する一般的な費用（敷金、礼金、仲介手数料）についてはS1の内容に基づきご案内できます。""","[{""sid"": ""S1"", ""question"": ""賃貸住居"", ""answer"": ""家やアパートを借りたい場合は、不動産業者に相談してください。\n\n契約に必要とされるのは\n敷金\n家賃支払いの担保として家主に預けておくお金です。退去する際に返金されるものです。未払い賃料および借りていた家の中に損害がある場合は、その修理費をさし引かれますが、残高が戻ります。\n礼金\n家主に支払う一時金で返金されないもの。\n報酬\n不動産業者に仲介を依頼した時は、通常1ヶ月分が必要です。""}]"
英語で受けれるウンセリングについて,滋賀県内で英語で受けられるカウンセリング情報は、本文のS1〜S5には明示されていません。英語対応の具体的な窓口が知りたい場合は、滋賀県の公式窓口に直接問い合わせるか、日本語対応の窓口への相談を通じて英語対応の案内を依頼してください。,"[{""sid"": ""S1"", ""question"": ""エイズの無料相談・検査のお知らせ"", ""answer"": ""- 匿名で検査を受けられます。\n- 梅毒の検査も一緒にできます。\n- 曜日・時間：HPで確認してください\n- 場所：県内保健所（大津市・草津・甲賀・東近江・彦根・長浜・高島）\n- 検査は電話予約が必要です。\n- 当日に検査結果をお渡しできない場合があります。（２～３週間後）\n問合せ先\n県内保健所（日本語のみ対応可能）\nしが外国人相談センター（日本語以外）\nTel 077-523-5646""}]"
妻と子の帰国について,滋賀県内の手続きや支援については、出生届・児童手当・健康保険・福祉医療費助成など役所での手続きが基本です。国外在留の子どもについては在留許可申請や国籍取得・パスポート申請が必要になります。帰国に関する具体的な手続きや期限は、滋賀県の窓口（市町役場・滋賀労働局など）で確認してください。,"[{""sid"": ""S1"", ""question"": ""子育て応援シリーズ① 子どもが生まれたら"", ""answer"": ""子どもが生まれたらお住まいの役所で様々な手続きがあります。外国籍の子どもには、領事館（大使館）や出入国管理局での手続きも必要になります。\n役所でする手続き\n1. 出生届\n2. 児童手当\n3. 子どもの健康保険\n4. 福祉医療費助成（乳幼児）\n大使館・出入国管理局での手続き\n- 生まれてから30日以内に出入国管理局で子どもの在留許可申請をします。\n- 各国領事館 （大使館）で子どもの国籍を取得し、パスポートの申請をします。\n子どもとお母さんの健康のために\n出産後、子どもとお母さんの健康を定期的に確認します。子どもの各種健診や教室、訪問のほとんどが無料なので積極的に利用しましょう。心配なことがあれば相談しましょう。\n- 産後健診\n- 新生児訪問\n- 予防接種\n- 乳幼児健診\n- 離乳食教室\n子どもの成長、発達が気になる．．．\nまずは乳幼児健診の時やかかりつけ医に相談しましょう。\n市町の保健センター\n市町の発達支援室・センター (https://www.pref.shiga.lg.jp/file/attachment/5397382.pdf)\n発達障害に関する外国人保護者向けパンフレット\n発達障害情報・支援センター (http://www.rehab.go.jp/ddis/world/brochure/)\n育児の不安を相談したい．．．\n市町の家庭児童相談室　市町の役場で相談しましょう。\nこころんだいやる電話相談\nTEL： 077-524-2030\n（子ども・子育て応援センター　電話、または面接での相談ができます）\n児童相談所相談専用ダイヤル\nTEL：0120-189-783\n虐待かな．．．\n児童相談所虐待対応ダイヤル\nTEL：189\n子どもを一時的に預かってほしい．．．（事前登録要）\nファミリー・サポート・センター\nファミリー・サポート・センター (https://www.hugnavi.net/child/family.php)\n「子どもを預けたい人」と「子どもを預かりたい人」を結び付け、保育所までの送迎や、保護者の病気などの際に子どもを預かったりします。\n一時預かり事業\n保護者の病気や用事の時に子どもを保育所などで一時的に預かります。\n病児・病後児保育\n病児・病後児保育 (https://hugnavi.net/child/byouji.php)\n子どもが病気の際、保護者が家庭での保育が難しい場合に、医療機関や保育所等で子どもを一時的に保育します。\n働いているので子どもを保育所で預かってもらいたい．．．\n保育所、認定こども園、認可外子ども施設などで、０歳から子どもを預かってもらえます。施設の利用にはお住まいの市町から利用のための認定を受ける必要があります。市町の役場で相談しましょう。\n一人で子どもを育てています．．．\n経済支援、就労支援のほかに、家事や子育てのサポートが受けられます。\n市町の役場で相談しましょう。\n子どもとお出かけしたい．．．\n地域子育て支援拠点\n地域子育て支援拠点 (https://hugnavi.net/child/base.php)\n子育て中の親子が集い、相互交流や子育ての不安・悩みを相談できる場です。\n児童館\n児童館 (https://hugnavi.net/child/house.php)\n健全な遊びを通して、子どもの発達を援助していく施設です。\n♡滋賀県立びわ湖こどもの国\n滋賀県立びわ湖こどもの国 (http://www.biwa.ne.jp/~kodomo92/sp/index.html)\nたくさんの遊具がある大型の児童館です。　高島市安曇川町北船木\n悩みがあれば、相談しましょう！\n★言葉が心配なときは、「しが外国人相談センター」にお電話ください。\nTEL：077-523-5646\nSHIGA SMILE BABY PROJECT　～ありがとうの贈り物～\nSHIGA SMILE BABY PROJECT　～ありがとうの贈り物～ (https://www.pref.shiga.lg.jp/ippan/kosodatekyouiku/kosodate/319567.html)\n滋賀で生まれた子どもやその家族へ「おめでとう、ありがとう」の思いをこめて、社会全体で出産・子育てを応援しているというメッセージとともに「ありがとうの贈り物」をお届けします。\n対象：１歳未満の赤ちゃん　※事前申し込みが必要です。""}]"
年金についての通訳,滋賀県国際協会の情報に基づくと、年金に関する相談窓口として、ねんきんダイヤル（0570-05-1165または03-6700-1165）、草津市の街角の年金相談センター、草津年金事務所、大津年金事務所、彦根年金事務所などが案内されています。なお、年金記録の確認にはねんきんネットの利用や、定期便の案内があります。通訳が必要な場合、各窓口で日本語以外の対応が可能かを事前に確認してください。出典S4およびS2/S3に基づく情報です。,"[{""sid"": ""S2"", ""question"": ""自分の年金情報をチェック！"", ""answer"": ""毎年1回、誕生月に国民年金および厚生年金保険の加入者（被保険者）には、年金加入記録の確認のため、「ねんきん定期便」が届きます。届出住所が現住所と異なっている場合、「ねんきん定期便」が届きませんので、住所が変った場合は住所変更を届け出ましょう。\n年金記録の確認は\nねんきんネット (https://www.nenkin.go.jp/n_net/index.html)\n年金定期便・年金専用ダイヤル　℡　0570-058-555\n★\t保険料納付期間が１０年に満たない方も年金事務所で確認しましょう！ 年金記録に漏れがないか。（基礎年金番号が他にないか。別の氏名で登録されたものがないか。 合算対象期間がないか。（特に永住者、日本国籍の方は海外の滞在期間が合算されます。）\n★\t資格期間を満たすために次のような方法があります。 ６０歳から６５歳まで国民年金に任意加入する。（1965年4月1日以前生まれの方は最長７０歳まで任意加入できます） 国民年金後納制度を使い未納期間を解消する。（2018年9月30日まで５年後納制度が適用されます）""}, {""sid"": ""S3"", ""question"": ""老齢年金"", ""answer"": ""老齢年金では、どの人にも共通な基礎となる年金を老齢基礎年金といいます。国民年金の加入者は、この老齢基礎年金を受給しますが、厚生年金の加入者は、これに厚生年金部分を加算した金額を受給します。老齢基礎年金は、６０歳まで４０年間保険料を全額支払った場合、年間(779,300円（2017年度）の満額の年金額になります。老齢年金を受給するための年齢はこれまでどおりで６５歳からですが、希望すれば繰り上げ支給や繰り下げ支給もあります。また、厚生年金では、６０歳から６５歳まで、生年月日や性別など一定の要件に基づき、特別支給の老齢厚生年金が支給されます。""}, {""sid"": ""S4"", ""question"": ""年金の相談は"", ""answer"": ""- ねんきんダイヤル ℡ 0570-05-1165　　　IP電話・PHS: ℡ 03-6700-1165\n- 街角の年金相談センター草津（草津市渋川1-1-50） ℡　077-564-4311\n- 大津年金事務所（大津市打出浜13-5） ℡ 077-521-1789\n- 草津年金事務所（草津市西渋川1-16-35） ℡ 077-567-2220\n- 彦根年金事務所（彦根市外町169-6） ℡ 0749-23-1114""}]"
弁護士面談通訳,滋賀弁護士会の当番弁護士制度をご案内します。被疑者の権利や弁護人依頼権については法的事項を含みますが、弁護士面談の通訳については明記がありません。多言語ダイヤルや国際窓口を活用することをおすすめします。滋賀弁護士会の当番弁護士専用電話は077-522-2013です。法テラスの多言語ダイヤルもご利用ください。,"[{""sid"": ""S1"", ""question"": ""法律についての相談は"", ""answer"": ""法テラス\n℡　0570-078374（日本語）\n℡　0570-078377（英語、中国語、韓国語、スペイン語、ポルトガル語、ベトナム語、タガログ語)\n℡　03-5366-6008（多言語ダイヤル）\n法テラス滋賀\n大津市浜大津1-2-22　大津商中日生ビル５Ｆ\n℡　050-3383-5454\n滋賀弁護士会\n大津市梅林１-３-３""}, {""sid"": ""S3"", ""question"": ""刑事事件を起こしてしまったら （事件・事故）"", ""answer"": ""被疑者の権利\n被疑者の権利として３つの権利が保障されています。\n1. 事実を知る権利\n2. 黙秘権\n3. 弁護人依頼権\n当番弁護士制度\n警察に逮捕、拘留された被疑者や家族の求めに応じて弁護士会が速やかに弁護士を被疑者のところに派遣する「当番弁護士」の制度があります。要請する場合ははっきりと申し出てください。\n滋賀弁護士会　当番弁護士専用電話　　TEL　077-522-2013\n民事法律扶助制度\n経済的に困っている人には、日本司法支援センター　(法テラス)　がありますので、当番弁護士が接見に来た際に相談してください 。\n法テラス [多言語ダイヤル]　TEL 0570-078-377\n法テラス [多言語] (http://www.houterasu.or.jp/multilingual/)\n国選弁護人\n起訴後、被告人は裁判のための弁護人を依頼することができます。経済的に無理な場合は、依頼すれば政府の国選弁護人をつけてくれます。""}]"
貸付金の返済減額とエアコンの設置,滋賀県国際協会の情報には、貸付金の返済減額やエアコン設置に関する具体的な手続き・制度の記載はありません。教育資金・教育ローン等の案内はありますが、返済減額やエアコン設置の支援については記載されていないため、該当事項の確認は他の公的機関や自治体窓口にご相談ください。,"[{""sid"": ""S1"", ""question"": ""賃貸住居"", ""answer"": ""家やアパートを借りたい場合は、不動産業者に相談してください。\n\n契約に必要とされるのは\n敷金\n家賃支払いの担保として家主に預けておくお金です。退去する際に返金されるものです。未払い賃料および借りていた家の中に損害がある場合は、その修理費をさし引かれますが、残高が戻ります。\n礼金\n家主に支払う一時金で返金されないもの。\n報酬\n不動産業者に仲介を依頼した時は、通常1ヶ月分が必要です。""}]"
高校入学について,滋賀県国際協会の情報に基づくと、高校へ入学するには入学試験に合格する必要があり、年齢要件は入学する年の4月1日までに15歳に達していること、原則として外国で9年間の学校教育を修了しているか日本の中学校卒業（または卒業見込）が求められます。問い合わせ先は滋賀県教育委員会事務局（077-528-4573）です。なお、学費や奨学制度については、学費は機関・専攻で異なり、奨学金情報の収集を推奨します。,"[{""sid"": ""S1"", ""question"": ""高校の入学"", ""answer"": ""一般の日本の高校へ入学するためには、入学試験に合格しなければなりません。\n応募資格\n年齢が入学しようとする年の4月1日までに15才に達していること。\n原則として、外国で9年間の学校教育を終了しているか、日本の中学校を卒業、又は卒業見込であること。\n入学の問い合わせ\n滋賀県教育委員会事務局 ： 077-528-4573""}]"
年金の書類について,年金の書類については、ねんきん定期便が該当者へ毎年届き、届出住所が現住所と異なる場合は住所変更が必要です。ねんきんネットで記録確認が可能です。年金に関する相談先として、ねんきんダイヤルや各年金事務所・相談センターの窓口があります。,"[{""sid"": ""S1"", ""question"": ""自分の年金情報をチェック！"", ""answer"": ""毎年1回、誕生月に国民年金および厚生年金保険の加入者（被保険者）には、年金加入記録の確認のため、「ねんきん定期便」が届きます。届出住所が現住所と異なっている場合、「ねんきん定期便」が届きませんので、住所が変った場合は住所変更を届け出ましょう。\n年金記録の確認は\nねんきんネット (https://www.nenkin.go.jp/n_net/index.html)\n年金定期便・年金専用ダイヤル　℡　0570-058-555\n★\t保険料納付期間が１０年に満たない方も年金事務所で確認しましょう！ 年金記録に漏れがないか。（基礎年金番号が他にないか。別の氏名で登録されたものがないか。 合算対象期間がないか。（特に永住者、日本国籍の方は海外の滞在期間が合算されます。）\n★\t資格期間を満たすために次のような方法があります。 ６０歳から６５歳まで国民年金に任意加入する。（1965年4月1日以前生まれの方は最長７０歳まで任意加入できます） 国民年金後納制度を使い未納期間を解消する。（2018年9月30日まで５年後納制度が適用されます）""}, {""sid"": ""S5"", ""question"": ""年金の相談は"", ""answer"": ""- ねんきんダイヤル ℡ 0570-05-1165　　　IP電話・PHS: ℡ 03-6700-1165\n- 街角の年金相談センター草津（草津市渋川1-1-50） ℡　077-564-4311\n- 大津年金事務所（大津市打出浜13-5） ℡ 077-521-1789\n- 草津年金事務所（草津市西渋川1-16-35） ℡ 077-567-2220\n- 彦根年金事務所（彦根市外町169-6） ℡ 0749-23-1114""}]"
社会保険の扶養について,滋賀県国際協会の情報に基づくと、社会保険の扶養の取り扱いは以下のとおりです。会社を通じて社会保険に加入している場合、扶養家族は保険料負担なしで加入できます。被扶養者の認定要件には「原則として国内に居住していること」が追加され、日本国外在住の被扶養者は原則外れます。ただし、日本に生活の基礎があると認められる例外もあります。国民健康保険へ切替える場合、扶養という概念はありません。詳しい適用範囲や脱退手続きは、お住まいの市役所・勤務先の人事担当に確認してください。,"[{""sid"": ""S3"", ""question"": ""【健康保険シリーズ１】  日本の公的保険制度について"", ""answer"": ""日本の会社に就職して仕事を始めると、お給料から社会保険料が引かれていることに気が付くと思います。この“社会保険”とは何を指すのでしょうか。日本では様々な社会保険制度があり、国籍に関わらず皆さんが加入し保障を受けることができます。\n今回はその中の健康保険について、会社にお勤めの方と、そうでない方の違いを見てみましょう。\n会社で働いてお給料をもらっている方：会社を通じて社会保険に加入します。保険料は給料から天引きになりますが、保険料の半分を会社が負担してくれています。また、扶養の家族も一緒に加入することができます。家族は保険料がかかりません。健康保険と年金はセットで加入します。\n自営業・無職など会社にお勤めではない方（上記以外の方）：個人で国民健康保険に加入します。保険料はご自身でお住いの市役所に納める必要があります。保険料は家族分を含め、全額自己負担となります。同様に年金も、個人で国民年金に加入します。\n●　病院での支払いが3割で済むのはどちらも同じです。また医療費が高額になった時の給付、出産や死亡の時の給付も同じです。会社の社会保険には病気や出産で仕事を休んだ時に、お給料を一部保障する給付がありますが、国民健康保険にはありません。\n健康保険の加入と脱退の手続きについて\n会社に就職したとき：社会保険に加入するときは会社が手続きをしてくれますが、それまで加入していた国民健康保険の脱退の手続きは自分でする必要があります。保険料が二重で請求されることのないよう、お住いの市役所で脱退の手続きをしてください。\n会社を退職したとき：退職し社会保険の資格が喪失したときは、保険証は使えなくなっていますので、すぐに会社に返却しましょう。そして自分で市役所に行って国民健康保険に加入し、保険証をもらう手続きをする必要があります。他にも社会保険を任意で継続加入する、ご家族の扶養に入るといった選択肢もありますので確認してみてください。""}, {""sid"": ""S4"", ""question"": ""健康保険の被扶養者は「国内居住者」に限定されます"", ""answer"": ""2020年４月より、企業の従業員が入る公的医療保険「健康保険」の被扶養者の認定要件に、「原則として国内に居住していること」が追加され、海外在住の被扶養者は外れることになりました。ただし、日本に居住していない被扶養者のうち、日本に生活の基礎があると認められるもの（海外留学、海外赴任の同行家族、観光ボランティア等のための一時的渡航者など）については、 例外的に要件を満たすこととされています。一方、国内に住所があっても、医療滞在ビザで来日した者や観光・保養を目的とするロングステイビザで来日した者は被扶養者認定されません。""}]"
国民保険の加入について,滋賀県国際協会の情報によると、国民健康保険（国民保険）への加入手続きは以下です。就職して社会保険に加入する場合は、脱退手続きを市役所で行い、国民保険の加入は自分で手続きします。退職後は保険証を返却し市役所で国民健康保険へ加入します。短期間雇用の方で雇用見込みが2カ月を超える場合など、条件によって国民健康保険ではなく社会保険へ加入するケースもありますが、試用期間中でも雇用前提の雇用として社会保険加入が原則です。詳細は各市役所窓口・保険窓口にご確認ください。,"[{""sid"": ""S3"", ""question"": ""【健康保険シリーズ１】  日本の公的保険制度について"", ""answer"": ""日本の会社に就職して仕事を始めると、お給料から社会保険料が引かれていることに気が付くと思います。この“社会保険”とは何を指すのでしょうか。日本では様々な社会保険制度があり、国籍に関わらず皆さんが加入し保障を受けることができます。\n今回はその中の健康保険について、会社にお勤めの方と、そうでない方の違いを見てみましょう。\n会社で働いてお給料をもらっている方：会社を通じて社会保険に加入します。保険料は給料から天引きになりますが、保険料の半分を会社が負担してくれています。また、扶養の家族も一緒に加入することができます。家族は保険料がかかりません。健康保険と年金はセットで加入します。\n自営業・無職など会社にお勤めではない方（上記以外の方）：個人で国民健康保険に加入します。保険料はご自身でお住いの市役所に納める必要があります。保険料は家族分を含め、全額自己負担となります。同様に年金も、個人で国民年金に加入します。\n●　病院での支払いが3割で済むのはどちらも同じです。また医療費が高額になった時の給付、出産や死亡の時の給付も同じです。会社の社会保険には病気や出産で仕事を休んだ時に、お給料を一部保障する給付がありますが、国民健康保険にはありません。\n健康保険の加入と脱退の手続きについて\n会社に就職したとき：社会保険に加入するときは会社が手続きをしてくれますが、それまで加入していた国民健康保険の脱退の手続きは自分でする必要があります。保険料が二重で請求されることのないよう、お住いの市役所で脱退の手続きをしてください。\n会社を退職したとき：退職し社会保険の資格が喪失したときは、保険証は使えなくなっていますので、すぐに会社に返却しましょう。そして自分で市役所に行って国民健康保険に加入し、保険証をもらう手続きをする必要があります。他にも社会保険を任意で継続加入する、ご家族の扶養に入るといった選択肢もありますので確認してみてください。""}]"
家族訪問ヴィザについて,滋賀県国際協会の情報の範囲内では、家族訪問ヴィザに関する具体的な解説は含まれていません。提示された資料（S1〜S5）にはデートDV、子育て・住宅・引っ越し・ペット関連情報が中心で、家族訪問ヴィザの要件や手続きに関する記載は見当たりません。従って、家族訪問ヴィザについての事実ベースの回答は提供できません。必要であれば、関連する公的機関の公式情報を参照してください。,"[{""sid"": ""S1"", ""question"": ""「デートDV」のこと知っていますか？"", ""answer"": ""恋人同士の間に起こる暴力のことを「デートDV」と言います。暴力には身体的、精神的、性的や経済的暴力があります。相手を思いどおりにしたり、相手をバカにしたり無視をするといった行為もDVです。親しい間柄でも自分と相手の気持ちを大切にしましょう。\n- 内閣府　「人と人とのよりよい関係をつくるために」\n- 文部科学省　「生命の安全教育」\nパートナーとの悩みの相談\n- デートDV110番 https://ddv110.org/ (https://ddv110.org/)\n- にんしんSOS滋賀　（滋賀県子育て支援課）""}, {""sid"": ""S2"", ""question"": ""「デートDV」のこと知っていますか？"", ""answer"": ""恋人同士の間に起こる暴力のことを「デートDV」と言います。暴力には身体的、精神的、性的や経済的暴力があります。相手を思いどおりにしたり、相手をバカにしたり無視をするといった行為もDVです。親しい間柄でも自分と相手の気持ちを大切にしましょう。\n- 内閣府　「人と人とのよりよい関係をつくるために」\n- 文部科学省　「生命の安全教育」\nパートナーとの悩みの相談\n- デートDV110番 https://ddv110.org/ (https://ddv110.org/)\n- にんしんSOS滋賀　（滋賀県子育て支援課）""}, {""sid"": ""S3"", ""question"": ""子育て応援シリーズ① 子どもが生まれたら"", ""answer"": ""子どもが生まれたらお住まいの役所で様々な手続きがあります。外国籍の子どもには、領事館（大使館）や出入国管理局での手続きも必要になります。\n役所でする手続き\n1. 出生届\n2. 児童手当\n3. 子どもの健康保険\n4. 福祉医療費助成（乳幼児）\n大使館・出入国管理局での手続き\n- 生まれてから30日以内に出入国管理局で子どもの在留許可申請をします。\n- 各国領事館 （大使館）で子どもの国籍を取得し、パスポートの申請をします。\n子どもとお母さんの健康のために\n出産後、子どもとお母さんの健康を定期的に確認します。子どもの各種健診や教室、訪問のほとんどが無料なので積極的に利用しましょう。心配なことがあれば相談しましょう。\n- 産後健診\n- 新生児訪問\n- 予防接種\n- 乳幼児健診\n- 離乳食教室\n子どもの成長、発達が気になる．．．\nまずは乳幼児健診の時やかかりつけ医に相談しましょう。\n市町の保健センター\n市町の発達支援室・センター (https://www.pref.shiga.lg.jp/file/attachment/5397382.pdf)\n発達障害に関する外国人保護者向けパンフレット\n発達障害情報・支援センター (http://www.rehab.go.jp/ddis/world/brochure/)\n育児の不安を相談したい．．．\n市町の家庭児童相談室　市町の役場で相談しましょう。\nこころんだいやる電話相談\nTEL： 077-524-2030\n（子ども・子育て応援センター　電話、または面接での相談ができます）\n児童相談所相談専用ダイヤル\nTEL：0120-189-783\n虐待かな．．．\n児童相談所虐待対応ダイヤル\nTEL：189\n子どもを一時的に預かってほしい．．．（事前登録要）\nファミリー・サポート・センター\nファミリー・サポート・センター (https://www.hugnavi.net/child/family.php)\n「子どもを預けたい人」と「子どもを預かりたい人」を結び付け、保育所までの送迎や、保護者の病気などの際に子どもを預かったりします。\n一時預かり事業\n保護者の病気や用事の時に子どもを保育所などで一時的に預かります。\n病児・病後児保育\n病児・病後児保育 (https://hugnavi.net/child/byouji.php)\n子どもが病気の際、保護者が家庭での保育が難しい場合に、医療機関や保育所等で子どもを一時的に保育します。\n働いているので子どもを保育所で預かってもらいたい．．．\n保育所、認定こども園、認可外子ども施設などで、０歳から子どもを預かってもらえます。施設の利用にはお住まいの市町から利用のための認定を受ける必要があります。市町の役場で相談しましょう。\n一人で子どもを育てています．．．\n経済支援、就労支援のほかに、家事や子育てのサポートが受けられます。\n市町の役場で相談しましょう。\n子どもとお出かけしたい．．．\n地域子育て支援拠点\n地域子育て支援拠点 (https://hugnavi.net/child/base.php)\n子育て中の親子が集い、相互交流や子育ての不安・悩みを相談できる場です。\n児童館\n児童館 (https://hugnavi.net/child/house.php)\n健全な遊びを通して、子どもの発達を援助していく施設です。\n♡滋賀県立びわ湖こどもの国\n滋賀県立びわ湖こどもの国 (http://www.biwa.ne.jp/~kodomo92/sp/index.html)\nたくさんの遊具がある大型の児童館です。　高島市安曇川町北船木\n悩みがあれば、相談しましょう！\n★言葉が心配なときは、「しが外国人相談センター」にお電話ください。\nTEL：077-523-5646\nSHIGA SMILE BABY PROJECT　～ありがとうの贈り物～\nSHIGA SMILE BABY PROJECT　～ありがとうの贈り物～ (https://www.pref.shiga.lg.jp/ippan/kosodatekyouiku/kosodate/319567.html)\n滋賀で生まれた子どもやその家族へ「おめでとう、ありがとう」の思いをこめて、社会全体で出産・子育てを応援しているというメッセージとともに「ありがとうの贈り物」をお届けします。\n対象：１歳未満の赤ちゃん　※事前申し込みが必要です。""}, {""sid"": ""S4"", ""question"": ""住む家を探すには？"", ""answer"": ""住まい探しに役立つ情報です。住宅には、「公営住宅」、「賃貸住宅」、「持ち家」などがあります。\n公営住宅\n所得の低い人など一定の条件を満たす人を対象に、公的な住宅があります。定期的に募集をおこない、抽選によって入居が決定します。滋賀県には県営住宅と、市町によって市営や町営住宅があるところもあります。在留資格や所得の要件があるので、確認してください。\n県営住宅\n滋賀県には、県営住宅が県内各地域にあり、年4回（４月、７月、１０月、１月）募集があります。\n市営町営住宅\nお住まいの市町役場に問い合わせてください。\n賃貸住宅\n一般に、日本では不動産屋で物件を探し、書面で契約を結びます。契約時、物件により、礼金や敷金が必要になります。（礼金は家主へのお礼として支払うお金で戻ってきません。敷金とは退去時に原状回復のために使われ、一部戻ってくる場合もあります。）また、連帯保証人が必要な場合と、家賃保証会社を利用する場合があります。その他、不動産屋への仲介手数料の支払いがあります。契約に火災保険の加入が含まれる場合が一般的です。その他、管理費や２年ごとに更新料を支払う必要がある場合が多いです。\nお役立ちサイト\n- [ 不動産情報検索サイト ] （公社）滋賀県宅地建物取引業協会 (https://www.hatomarksite.com/search/shiga/)\n- [ 外国語が話せる不動産店一覧 ] （公財）日本賃貸住宅管理協会 (https://www.jpm.jp/multilingual/index.html)\n- [ 外国人の民間賃貸住宅への円滑な入居について ]　国土交通省 (https://www.mlit.go.jp/jutakukentiku/house/jutakukentiku_house_tk3_000017.html)\n滋賀県の居住支援・住宅セーフティネット制度\n滋賀県での高齢者世帯、障害者世帯、外国人世帯、子育て世帯の入居を受け入れる民間賃貸住宅等の情報です。\n- 滋賀県のセーフティネット住宅 (https://safetynet-jutaku.mlit.go.jp/guest/apart_list.php?pref=25)\n- 滋賀あんしん賃貸住宅 (https://www.pref.shiga.lg.jp/ippan/kendoseibi/zyuutaku/300196.html)\n火災保険\n住宅は賃貸や持ち家にかかわらず、火災保険に加入する必要があります。\n賃貸アパートやマンションなどの場合、入居時や更新時に「大家」と「入居者」がそれぞれ火災保険に加入するケースが一般的です。建物は大家の資産なので、建物に対する火災保険は大家が加入して保険料を支払い、室内の家具や家電などの家財道具に対する保険は、入居者が加入し保険料を支払います。持ち家であれば建物と家財の両方を補償する火災保険に入ります。\n持ち家\n日本では、不動産を購入する際に国籍や在留資格に基づく制限はありません。ただし住宅ローンの借り入れは、永住者や特別永住者の在留資格をお持ちの方に限られています。年齢や所得、勤続年数などの基準を満たし、審査に通ると住宅ローンを組むことができます。また、要件などを満たせば、確定申告で住宅ローン控除を受けることができます。住宅を購入した後、経済状況に変化があった場合は、住宅ローンの借り換えや返済について、銀行に条件変更の相談をしましょう。\nまた、１月１日に住宅を所有している人は、その資産をもとに算定した固定資産税をお住まいの市町役場に支払います。\n空き家バンク\n空き家の賃貸・売却を希望する人が登録した情報を、空き家の利活用を希望する人に紹介する制度です。希望する市町役場の住宅課に空き家バンクがあるかたずねてください。\n- 空き家バンク (https://www.akiya-athome.jp/buy/25/)\n困ったときの相談窓口　（相談無料）\n入居中・契約の解除・明渡し時のトラブルなどの相談窓口：・滋賀県消費生活センター（彦根）/ TEL 0749-23-0999\n住宅取得や不具合、事業者とのトラブルなど様々な住宅についての相談窓口：・住まいるダイヤル/ TEL 03-3556-5147\n引っ越し先が決まったら、何をしたらいいのでしょう？\n届け出\nお住まいの市町役場に転出届を出します。引っ越し後14日以内に、新住所の役場に転居、転入届を出し、在留カードとマイナンバーカードの住所変更も行います。また、子どもさんがおられる方は、新しい保育園、幼稚園、学校への転入手続きも行います。職場、銀行への連絡や、運転免許証の住所変更も必要です。郵便局へ郵便物の転送届を出しておくと、引っ越し前の住所地に届いた郵便物を新住所に転送してもらえます。\n近所との付き合い\n日本では、引っ越した人が近所の人に挨拶をする習慣があります。近所の人と知り合って、ゴミの収集日や収集場所、災害時の避難場所など地域のルールを教えてもらいましょう。\n自治会\n地域ごとに住民が運営する自治会があります。自治会では、住民同士が地域での暮らしを良くするため、防犯、防災、美化活動を行ったり、地域の子どもたちがスポーツや祭りなどを楽しむ「子ども会」があるなど様々な活動をしています。それらの事業の運営のため、会員は自治会費を支払い、役割分担(ぶんたん)もあります。また、細かな地域の情報が掲載された「回覧板」が回ってきます。自治会は任意加入ですが、ゴミ収集場所の管理を自治会がしている場合など、加入が必要になることもあります。災害時などには近所同士の助け合いが必要になるので、近所とのお付き合いは大切にしましょう。\n※地域によって自治会の有無や活動内容、自治会費は異なりますので、必ず確認してください。""}, {""sid"": ""S5"", ""question"": ""ペットを出国、入国させる場合は？"", ""answer"": ""ペットを海外へ連れて行ったり、持ち帰ったりするときは、日本と相手国に入るための条件をクリアする必要があります。手続きに時間がかかるので、できるだけ早く動物検疫所に連絡してください。\n動物検疫所 (http://www.maff.go.jp/aqs/animal/index.html)""}]"
盗まれたゲームアカウントについて,申し訳ありませんが、いただいた文脈は金融トラブルと電子マネー詐欺の注意喚起に関する情報で、盗まれたゲームアカウントに関する具体的な対応指針は含まれていません。滋賀県国際協会の情報のみを根拠に事実ベースで回答する場合、盗難ゲームアカウントの一般的な対応としては、サービス提供元の公式サポートに連絡し、二段階認証の設定やパスワード変更、アカウント復旧の手続き、個人情報の漏洩防止を徹底することが推奨されます。なお、私の回答はS1の情報を根拠としています。,"[{""sid"": ""S1"", ""question"": ""金融トラブルにご注意！！"", ""answer"": ""電子マネーのトラブル\nインターネット有料サイトの利用料金未納を騙った架空請求など、詐欺行為の支払手段として現金だけでなく、電子マネーを悪用した被害が急増しています。\n※预プリペイドカードなどの電子マネーは、相手にカードを渡さなくても、カードに記載された番号等を伝えるだけで電子マネーの価値を譲渡したことになります。\n詐欺です！：「コンビニで電子マネーカードを買って、カード番号を教えて。\n」\n！身に覚えのない請求等に返信、連絡しないでください。\n！事業者、法務省や裁判所などが「未納料金などの支払い」の名目で、　　コンビニで電子マネーカードを購入させることは絶対にありません。\nマネー・ロンダリング（犯罪に関係するお金を持っている人をわからなくすること）は違法です！\n詐欺です！：「このお金をあなたの口座から送金してほしいんです。一万円あげますから。」\n！口座を他人にあげるなどの行為は違法です。\n！違法な業者かどうか判断できない場合はその業者は使わないでください。\n　金融庁ウェブサイトの資金移動業者登録一覧に載っていない業者は違法です。\nここから確認できます→　https://www.fsa.go.jp/menkyo/menkyoj/shikin_idou.pdf\n。\nメール・SMS（ショートメッセージサービス）による被害防止対策として、あらかじめ受信拒否設定をしておくことが効果的です。\n！おかしいと思ったら、すぐに家族や友人、警察＃9110（警察相談専用電話）に相談！\n- 消費者ホットライン　　　　１８８　（日本語）\n- 訪日外国人観光客消費者ホットライン 03-5449-0906\n- 金融サービス利用者相談室0570-016811（从ＩＰ電話からは：03-5251-6811）\n- 英語ワンストップ窓口　　　email: equestion@fsa.go.jp""}]"
保険証について,保険証は日本で医療機関を受診する際に提示するカードで、基本的には費用を国の基準で3割負担にする役割があります。マイナンバーカードの健康保険証利用は2024年12月2日以降の新規発行の終了に伴い基本となる方針で、登録は市役所・医療機関・薬局で行えます。現在の保険証は有効期限や保険者の移動がある場合に失効する経過措置があり、将来的にはマイナンバーカードが保険証として使われるようになります。保険証を持参すると医療費が3割負担になることが一般的ですが、忘れると全額自己負担になることや、時間外受診時には追加料金が発生する場合があります。なお、労働災害保険が適用される場合には保険証を使わずに補償されることがあります。,"[{""sid"": ""S5"", ""question"": ""【健康保険シリーズ２】日本での病院のかかり方について"", ""answer"": ""保険証を持っていこう\n保険証とは、病院で受診するときに提示するカードです。会社や市役所から発行されます。日本では病院で保険証を提示すると、国の基準で定めた医療費の３割で受診できるのでとても安くなります。でも保険証を忘れてしまうと全額自己負担になるだけでなく、国の基準ではなく病院が自由に医療費を決めるため、より高額になることがあります。出かけるときは忘れずに保険証を携帯しましょう。将来はマイナンバーカードが保険証として使えるようになりますから、早めにマイナンバーカードを作ったほうが良さそうですね。\n保険証が使えないときもある\n保険証は日本のほとんどの病院や調剤薬局で使うことができます。しかし使えない受診もあります。民間療法など国の基準に該当しない治療のほか、美容整形や歯列矯正など日常生活に支障がない治療には使えません。予防接種や健康診断、人工妊娠中絶も対象外になります。仕事中や通勤中の怪我の場合、会社で働いている方は健康保険とは別に労働災害保険にも入っていますので、労働災害保険が補償してくれます。会社に相談してください。そしてこの場合、保険証は使えませんので注意してください。\n【病院のかかり方で上手に節約】\n休日や夜間に急病になったとき、診療してくれる医療機関は心強い存在です。しかし病院のかかり方によっては、割増料金がかかり医療費が高額になることがあります。\n◇時間外に受診すると追加料金がかかる\n診療時間外（夜間、早朝、休日（日曜・祝日）、深夜）に受診すると、通常料金とは別に追加料金を支払うことになります。また薬局で薬を調剤してもらう場合も同様です。ホームぺージ等で診療時間を確認してから行きましょう。\n◇いきなり大病院に行くと特別料金がかかる\n大きな病院に紹介状なしで受診をすると特別料金が5,000円以上かかります。\nまずはお近くのかかりつけ医を受診し、必要な場合は紹介状を書いてもらい大病院を受診しましょう。\n◇複数の病院を受診すると医療費が高くなる\n「症状がよくならないから」「場所が遠いから」などの理由で病院を変えたことはありませんか？\nしかし、途中で病院を変えると毎回「初診料」がかかり、検査や投薬も重複するため、医療費が高くなります。「かかりつけ医」を決めて、同じ病院で受診しましょう。""}]"
携帯電話について,携帯電話を使用しながら自転車を運転した場合の罰則は、6か月以下の懲役または10万円以下の罰金です（改正施行は2024年11月1日から適用）。,"[{""sid"": ""S1"", ""question"": ""自転車に関する道路交通法の改正について"", ""answer"": ""2024年11月１日より携帯電話を使用しながら自転車を運転した場合や、自転車での酒気帯び運転が罰則の対象となりました。\n携帯電話を使用しながらの運転\n違反者：6か月以下の懲役又は10万円以下の罰金\n酒気帯び運転\n違反者：3年以下の懲役又は50万円以下の罰金""}]"
相続について,相続に関するS1の情報は直接触れられていません。滋賀県国際協会の情報のみを根拠として回答します。相続手続きや法的適用、分割方法などの具体的な手続きについては、滋賀県または本邦の関連機関にお問い合わせください。,"[{""sid"": ""S1"", ""question"": ""離婚届"", ""answer"": ""- それぞれの夫婦が離婚する場合、どの国の法律が適用されるかという準拠法に深くかかわってきます。\n- 日本では、離婚の準拠法について、第一に夫婦の本国方が同一の時はその法律（共通本国法）により、第二にその共通本国法がない場合において夫婦の常居所地法が同一であるときはその法律によるが、第三にそのいずれの法律もない時は夫婦にもっとも密接な関係のある地の法律（密接関連法）による、とされていますが、これには例外があって、夫婦の一方が日本に常居所がある日本人であるときは、日本の法律によって決められます。\n- 日本の法律が適用される場合、協議離婚をすることができます。協議が成立しない場合は、家庭裁判所の調停や審判による離婚、地方裁判所の判決による離婚のいずれの方法もとることができます。\n- 各国の離婚に関する法律については、各在日公館にお問い合わせください。""}]"
滋賀県にもらえる新たな書類について,滋賀県で新たにもらえる書類として、滋賀県パートナーシップ宣誓制度の宣誓書受領証が2024年9月2日開始で提供されます。宣誓には事前予約が必要です。問い合わせ先は滋賀県人権施策推進課（日本語: 077-528-3533、外国語: 077-523-5646）です。,"[{""sid"": ""S5"", ""question"": ""「滋賀県パートナーシップ宣誓制度」の 開始について（2024年9月2日～）"", ""answer"": ""同性婚が法的に認められていない中で、この制度は、一方または双方がLGBT等の当事者であり、人生において、お互いが協力して継続的に生活を共にすることを約束した二者の関係を宣誓したことについて、県が証明し、宣誓書受領証を交付するものです。宣誓には、事前予約が必要です。\n問合せ先\n滋賀県人権施策推進課\n[日本語]　Tel 077-528-3533\n[外国語]　しが外国人相談センター　Tel 077-523-5646""}]"
クレジットカードの暗証番号について,滋賀県国際協会の情報に基づくと、クレジットカードの暗証番号は第三者と共有してはいけません。オンラインや電話での未承認の問い合わせには返信しない・個人情報を安易に伝えない・見知らぬ相手からの依頼には応じないよう注意してください。公式の問い合わせ先や公式サイトの案内以外の手口には警戒を。万が一不正な請求を受けた場合は、すぐにカード発行元に連絡し、警察相談窓口や消費者ホットライン等に相談してください。暗証番号の管理はカード会社の指示に従い、他人と共有しないことが基本です。,"[{""sid"": ""S1"", ""question"": ""金融トラブルにご注意！！"", ""answer"": ""電子マネーのトラブル\nインターネット有料サイトの利用料金未納を騙った架空請求など、詐欺行為の支払手段として現金だけでなく、電子マネーを悪用した被害が急増しています。\n※预プリペイドカードなどの電子マネーは、相手にカードを渡さなくても、カードに記載された番号等を伝えるだけで電子マネーの価値を譲渡したことになります。\n詐欺です！：「コンビニで電子マネーカードを買って、カード番号を教えて。\n」\n！身に覚えのない請求等に返信、連絡しないでください。\n！事業者、法務省や裁判所などが「未納料金などの支払い」の名目で、　　コンビニで電子マネーカードを購入させることは絶対にありません。\nマネー・ロンダリング（犯罪に関係するお金を持っている人をわからなくすること）は違法です！\n詐欺です！：「このお金をあなたの口座から送金してほしいんです。一万円あげますから。」\n！口座を他人にあげるなどの行為は違法です。\n！違法な業者かどうか判断できない場合はその業者は使わないでください。\n　金融庁ウェブサイトの資金移動業者登録一覧に載っていない業者は違法です。\nここから確認できます→　https://www.fsa.go.jp/menkyo/menkyoj/shikin_idou.pdf\n。\nメール・SMS（ショートメッセージサービス）による被害防止対策として、あらかじめ受信拒否設定をしておくことが効果的です。\n！おかしいと思ったら、すぐに家族や友人、警察＃9110（警察相談専用電話）に相談！\n- 消費者ホットライン　　　　１８８　（日本語）\n- 訪日外国人観光客消費者ホットライン 03-5449-0906\n- 金融サービス利用者相談室0570-016811（从ＩＰ電話からは：03-5251-6811）\n- 英語ワンストップ窓口　　　email: equestion@fsa.go.jp""}]"
警察官について,滋賀県国際協会の情報を根拠に、警察官は地域のパトロールや犯罪防止、届け出の受付、道案内などを行い、困ったときに気軽に相談できる存在です。緊急時は110番で通報します。,"[{""sid"": ""S1"", ""question"": ""犯罪や交通事故にあったとき （事件・事故）"", ""answer"": ""交番\n日本では街角などに「交番」があり、警察官が駐在しています。地域のパトロールや犯罪の防止、家出人や落し物などの届け出を受け付けたり、道案内などを行っていますので、困ったことがあったら気軽に立ち寄ってみましょう。\n盗難や暴行にあったとき\n留守中に泥棒に入られたり、暴力の被害にあったときは、近くの交番や警察署に届けてください。\n緊急に助けを求めたい時は、110番に電話をしましょう。預金通帳，クレジットカードを盗まれた時は、銀行やカードの発行会社に届け出て、支払停止の手続きを要請することが必要です。\n交通事故にあったとき\n交通事故にあったら、どんな小さな事故でも警察に届けましょう。ケガ人がいる時は救急車を呼んでください。""}]"
緊急搬送,緊急搬送には救急車の要請が必要です。119番通報時に、発生場所・急病かけが・患者数・性別・年齢・傷病の程度を伝え、適切な救急車の派遣を受けてください。公衆電話からの場合、赤いボタンを押して110番/119番と同様の手順で連絡します。,"[{""sid"": ""S1"", ""question"": ""緊急の場合"", ""answer"": ""電話で119番までかけ、救急車を呼び、あわてず次のことを伝えてください。\n- 救急であること（火事の時と同じ番号なので注意）\n- 発生場所\n- 急病か、けがかの別\n- 患者の数、性別、年齢（大人、子供、幼児の区別）\n- 傷病の程度""}]"
必要な書類について,婚姻届に関する必要書類は、婚姻をする双方の本国の法律と日本の法律に基づく手続きが必要です。本国の在日領事館または大使館へ婚姻手続きについて問い合わせ、必要書類をそろえ日本語訳を用意してください。婚姻届は届出人の所在地の市町村役場の戸籍係に提出します。,"[{""sid"": ""S1"", ""question"": ""婚姻届"", ""answer"": ""- 外国人が日本国内で結婚する場合は両人の本国の法律と日本の法律にしたがって婚姻の手続きをしなければなりせん。\n- 本国の在日領事館または、大使館に婚姻の手続きについて問い合わせてください。\n- 婚姻に関しては、本国で定められている婚姻法に従って、必要書類をそろえ手続きをしてください。（書類の日本語訳文も必要です）\n- 婚姻届を届出人の所在地の市町村役場の戸籍係に提出してください。""}]"
親子間のコミュニケーション不足,親子間のコミュニケーション不足には、まず家庭裁判所の調停など法的手段よりも、親子の対話の機会を増やすことが推奨されます。滋賀県国際協会の情報では、学校や相談機関を活用することが挙げられており、学校は面談時の通訳の手配なども支援します。学校以外にも子どもが相談できる窓口として、こどもの人権110番・チャイルドライン・24時間子供SOSダイヤルが案内されています。児童虐待の疑いがある場合は24時間対応の虐待ホットライン等へすぐ連絡します。親子のコミュニケーション改善には、学校やスクールカウンセラーの活用、信頼できる大人への相談、適切なタイミングでの対話の場づくりが有効です。,"[{""sid"": ""S1"", ""question"": ""離婚についての話し合いがうまくいきません。"", ""answer"": ""家庭裁判所の調停で話し合うことができます。（日本語）\n- 大津家庭裁判所 　℡　077-503-8151\n- 大津家庭裁判所 彦根支部 　℡　0749-22-0167\n- 大津家庭裁判所 長浜支部 　℡　0749-62-0240\n- 京都外国人の夫婦と親子に関する紛争解決センター 　℡　075-692-3555""}, {""sid"": ""S2"", ""question"": ""困りごとがあれば学校に相談しましょう！"", ""answer"": ""学校ではたくさんの手紙が配(られるので、わからない場合は先生に確認したり、面談の時には通訳をお願いしましょう。悩みや問題があれば、先生やスクールカウンセラーに相談しましょう。\n学校以外で子どもが相談できるところ\n自分のこと、友達のこと、家族のこと、その他の事で悩み、困っていることがあれば相談してください。\n- こどもの人権110番 0120-007-110　月～金8:30 -17:15\n- チャイルドライン 0120-99-7777　毎日　16:00 - 21:00\n- 24時間子供SOSダイヤル 0120-0-78310　2４時間対応（年末年始も可）""}, {""sid"": ""S4"", ""question"": ""児童虐待の疑いがある場合はすぐに連絡しましょう"", ""answer"": ""虐待ホットライン（24時間対応）\n電話 : 077-562-8996　（日本語）\n中央子ども家庭相談センター\n草津市笠山七丁目4番45号　　電話: 077-562-1121\n彦根子ども家庭相談センター\n彦根市小泉町932-1　　電話: 0749-24-3741\n大津・高島子ども家庭相談センター\n大津市におの浜4-4-5　　電話: 077-548-7768\n児童相談所全国共通ダイヤル（24時間対応）\n電話：189""}]"
発熱外来について,滋賀県国際協会の情報には発熱外来の直接的な案内はありません。必要であれば、外国語対応医療機関リスト等を確認してください。発熱外来の具体的情報は、滋賀県内の医療機関の公式案内または市町の医療情報をご確認ください。,"[{""sid"": ""S2"", ""question"": ""滋賀県内の外国語で対応可能な医療機関について"", ""answer"": ""滋賀県内の外国語で対応可能な医療機関リストは、以下のサイトをご覧ください。""}]"
弁護士との相談,"滋賀県国際協会の情報のみを根拠に、弁護士との相談に関する要点を簡潔に示します。
- 法的トラブルの相談先として、法テラス（日本語窓口 0570-078-374、英語ほか多言語 0570-078-377、滋賀県の法テラス連絡先 050-3383-5454）と滋賀弁護士会を案内しています（滋賀弁護士会 大津市梅林1-3-3 ほか）。
- 弁護士との相談を希望する場合、当番弁護士制度の利用が可能です。逮捕・拘留時には警察からの要請に応じて弁護士が派遣されます。滋賀弁護士会の当番弁護士専用電話は 077-522-2013、法テラスの多言語ダイヤルは上記参照です。
- 経済的事情で弁護を必要とする場合は、法テラスを通じた民事法律扶助制度の利用が案内されています。なお、国選弁護人は起訴後に経済的事情により依頼可能です。詳しくは法テラスまでご相談ください。
- 離婚・家庭関係の争いなどでは、家庭裁判所の調停・審判などの選択肢が案内されていますが、弁護士相談の際は個別事情に応じて適切な法的支援が案内されます。
- 相談先の住所・連絡先は地域の法務窓口として滋賀県内の窓口が案内されています。","[{""sid"": ""S1"", ""question"": ""法律についての相談は"", ""answer"": ""法テラス\n℡　0570-078374（日本語）\n℡　0570-078377（英語、中国語、韓国語、スペイン語、ポルトガル語、ベトナム語、タガログ語)\n℡　03-5366-6008（多言語ダイヤル）\n法テラス滋賀\n大津市浜大津1-2-22　大津商中日生ビル５Ｆ\n℡　050-3383-5454\n滋賀弁護士会\n大津市梅林１-３-３""}]"
難民申請について,滋賀県国際協会の情報のみを根拠とすると、難民申請に関する具体的な案内は提供されていません。よって、難民申請についての公式な手続きや窓口の情報は上記のS1〜S5の資料には含まれていないため、該当情報を参照することができません。難民申請に関する最新の正確な情報は、法務省や日本における難民認定手続の公式窓口（出入国在留管理庁・法務省）などの公的機関の情報をご確認ください。必要であれば、滋賀県内の国際関連窓口や市町の福祉課・社会福祉協議会などにご相談ください。,"[{""sid"": ""S1"", ""question"": ""新型コロナウイルス感染症の影響を受けた方への生活支援について"", ""answer"": ""住居確保給付金（家主さんに直接支払われる家賃）\n対象\n離職・廃業から２年以内または休業等により収入が減少し、離職等と同程度の状況にある方\n支給期間\n原則３カ月（最長９カ月まで）\n支給額\n家賃相当額を自治体から家主さんに支給\n申請方法\n市にお住まいの方は各市。町にお住まいの方は各町の社会福祉協議会\nご案内\n住居確保給付金のご案内はこちらから (https://www.mhlw.go.jp/content/000626236.pdf)\n★滋賀県では県営住宅での一時的な受入れを行っています。\n対象\n新型コロナウイルスの感染症に起因する解雇等により住宅の退去を余儀なくされた方\n入居期間\n最長一年間\n申込方法\n県庁土木交通部住宅課へお電話　（℡　０７７－５２８－４２３４）\nその他、生活にお困りの方は、お住まいの市町の福祉課や社会福祉事務所で相談しましょう！""}]"
傷病手当について,傷病手当金は、病気やケガで長期間休業した場合に支給される給付金です。支給額は直近12か月の給与の平均の2/3で、勤務先が届け出た給与総額を基準とします。支給の条件は以下のとおりです。業務外の事由による療養の休業であること、医師の証明により就業不可とされること、連続する3日間を含み4日以上仕事につけなかったこと、休業期間中に給与の支払いがないこと（事業主の証明が必要）です。詳細は協会けんぽ滋賀支部の案内をご確認ください。,"[{""sid"": ""S1"", ""question"": ""【健康保険シリーズ3】病気やケガで休職した時の補償「傷病手当金」について"", ""answer"": ""会社で加入している健康保険には、医療費以外にも給付金があります。\nその一つが「傷病手当金」です。\n病気やケガで長期間仕事を休むと、給料が支払われなくなり生活費に困ることがあります。\nしかし傷病手当金を申請すれば、生活補償として給付金が健康保険より支給されます。\n傷病手当金は、病気休業中に被保険者とその家族の生活を保障するために設けられた制度で、被保険者が病気やケガのために会社を休み、会社から十分な報酬が受けられない場合に支給されます。\n【支給金額】直近１２か月の給与を平均した額の2/3\nただし、勤務先が社会保険に届けを出している給与総額です。手取りの金額とは一致しません。\n【支給の条件】\n1. 業務外の事由による病気やケガの療養のための休業であること\n2. 仕事に就くことができないこと（医師の証明が必要です）\n3. 連続する三日間を含み四日以上仕事につけなかったこと\n4. 休業した期間について給与の支払いがないこと（事業主の証明が必要です）\nその他、傷病手当金の詳細については協会けんぽのHPをご覧いただくか、お電話にてお問合せください。\n協会けんぽ滋賀支部\n℡　077-522-1099 (日本語)""}]"
火災保険金請求について,滋賀県国際協会の情報には、火災保険金の請求手続きの具体的な案内は含まれていません。そのため、火災保険金請求に関する具体的な手順や必要書類については、加入している保険会社の案内や契約内容をご確認ください。なお、保険料支払いや補償範囲、請求窓口の連絡先などは契約時の約款に記載されています。,"[{""sid"": ""S1"", ""question"": ""火災保険について"", ""answer"": ""住宅は賃貸や持ち家にかかわらず、火災保険に加入する必要があります。 賃貸アパートやマンションなどの場合、入居時や更新時に「大家」と「入居者」がそれぞれ火災保険に加入するケースが一般的です。建物は大家の資産なので、建物に対する火災保険は大家が加入して保険料を支払い、室内の家具や家電などの家財道具に対する保険は、入居者が加入し保険料を支払います。持ち家であれば建物と家財の両方を補償する火災保険に入ります。""}]"
県民共済の支払いについて,県民共済の支払いについて、提供された文献には具体的な記載がありません。よって、滋賀県国際協会の情報だけを根拠に事実ベースで回答すると、県民共済に関する支払い方法や要件は上記のS1～S5には含まれておらず、該当情報を確認する必要があります。,"[{""sid"": ""S1"", ""question"": ""住民税"", ""answer"": ""滋賀県の居住者は、県民税と市町村民税を支払います。これらの税は住民税といわれ、住所地の市町村を管轄する税務署に提出されている確定申告などに基づいて計算されます。住民税は国籍に関わらず、1月1日から1年間に得た個人所得のすべてに課税されます。外国人の税金は、滞在期間や職種などにより別の方法で扱われます。\n\n住民税は次のように課税されます。\n- 国籍に関わらず、1月1日に日本に住所をもち、1年以上日本に滞在する場合。\n- 1月1日現在１年以内の居住期間でも、入国後継続して1年以上日本に居住することを通常必要とする職業を有する場合。\n住民税を支払うため、1月1日現在に住所地のある市町村へ申告しなければなりません。""}]"
難民申請について,難民申請について滋賀県国際協会の情報のみを根拠にお答えします。ご案内として、滋賀県内での難民申請手続きに関する具体的な案内は、提供された資料～には含まれていません。難民申請は一般に法務省の出入国管理庁が所管しますが、滋賀県内の窓口情報や支援窓口については、滋賀県庁や市町の福祉課・社会福祉協議会などの案内を参照してください。滋賀県国際協会の公式情報として難民申請に特化した案内が引用されていないため、S1～S5の資料では詳しい手続きは確認できません。もし滋賀県の支援窓口を特定して知りたい場合は、滋賀県庁の住宅課や福祉課、または社会福祉協議会の窓口へご相談ください。,"[{""sid"": ""S1"", ""question"": ""新型コロナウイルス感染症の影響を受けた方への生活支援について"", ""answer"": ""住居確保給付金（家主さんに直接支払われる家賃）\n対象\n離職・廃業から２年以内または休業等により収入が減少し、離職等と同程度の状況にある方\n支給期間\n原則３カ月（最長９カ月まで）\n支給額\n家賃相当額を自治体から家主さんに支給\n申請方法\n市にお住まいの方は各市。町にお住まいの方は各町の社会福祉協議会\nご案内\n住居確保給付金のご案内はこちらから (https://www.mhlw.go.jp/content/000626236.pdf)\n★滋賀県では県営住宅での一時的な受入れを行っています。\n対象\n新型コロナウイルスの感染症に起因する解雇等により住宅の退去を余儀なくされた方\n入居期間\n最長一年間\n申込方法\n県庁土木交通部住宅課へお電話　（℡　０７７－５２８－４２３４）\nその他、生活にお困りの方は、お住まいの市町の福祉課や社会福祉事務所で相談しましょう！""}]"
健康診断について,"滋賀県国際協会の情報によると、協会けんぽの健康診断はご加入の会社員なら約7,000円で受けられ、扶養家族（40～74歳）は血液検査などの健診を0円～約1,500円で受けられます。健診には医療費以外の補助があり、年に1回の実施が推奨されています。健診希望時は健診機関か協会けんぽ滋賀支部へ問い合わせてください。なお、会社にお勤めでない方には住居地の市町で補助が受けられる場合があります。","[{""sid"": ""S1"", ""question"": ""【健康保険シリーズ４】生活習慣病にならないために"", ""answer"": ""食生活が乱れると、糖尿病や高血圧、心筋梗塞など「生活習慣病」といわれる病気に繋がることがあります。「生活習慣病」になると治療が長期にわたり、医療費がとても高額になることが多く、仕事にも支障がでてきます。\nそうならないためには、１年に１度は健診機関で身体の状況をチェックする「健康診断」を受けることが大事です。身体の異常を早期発見することができれば、将来の医療費負担を抑えることができます。\n日本に来て、今まで食べ慣れた食事を食べることが難しくなり、食生活が変わったという方もいらっしゃるのではないでしょうか。\n食生活の変化で主食などが変わると、体内に取り入れていた栄養バランスも今までと違ってきます。なかなか自分では気づきにくい身体の変化を、健康診断でチェックしてみてはいかがでしょうか。\n【健康診断にも費用の補助がある】\n協会けんぽでは、医療費以外にも健康診断の費用の補助をしています。\n協会けんぽの健康診断は病気の発見や早期治療はもちろん、生活習慣病を予防することを目的に行っています。\n協会けんぽ加入の会社にお勤めしている35～74歳の方であれば詳細な健診が約7,000円で受けることができます。またその加入者家族の方（40～74歳）であれば、血液検査などの簡単な健診を0円～約1500円（受診方法により費用が異なります）で受けることができます。\n健診をご希望の方は、健診機関か協会けんぽ滋賀支部（日本語対応のみ）までお電話にてお問合わせください。\nその他健診に関しての詳細は協会けんぽHPをご確認ください。\n★また会社にお勤めでない方も、お住いの市町で健康診断の補助が受けられる場合があります。""}]"
退職することについてベトナム語通訳依頼,退職に関する手続きや解雇予告については滋賀県国際協会の情報としてS1に基づくとおり、民法および労働基準法の前提を踏まえつつ、就業規則を確認し会社と話し合うことが望ましいです。退職の申し入れは期間定めのない労働契約では原則として退職の申し入れから2週間後に契約が終了します（S1）。解雇の場合は雇用者が少なくとも30日前に予告する必要があり、予告なしの場合には30日不足分の平均賃金を支払う義務があります（S1）。ベトナム語通訳を依頼する具体的な窓口としてはS2のOTIT外国人技能実習機構の多言語窓口を活用することが推奨されています。必要な場合はOTITのベトナム語窓口に連絡してください。S2,"[{""sid"": ""S1"", ""question"": ""退職するときは"", ""answer"": ""自己都合による退職\n退職については、通常就業規則に定めがありますので、あらかじめその内容や手続きについて確認しておきましょう。 　なお、民法（第627条）によれば、期間に定めのない労働契約の場合は，原則として退職の申し入れから２週間後に契約は終了するものとされています。\nただし、急に「辞めたい」と申し入れることは、会社にとっては事務引継ぎなどで困ることもありますので、退職の時期等については会社と充分話し合うことが望ましいでしょう。\n事業主からの解雇\n解雇に当たっては、雇用者は労働者に少なくとも30日前にその予告をする必要があり、30日前に予告しない場合には30日に不足する日数分の平均賃金（解雇予告手当）を支払う必要があります。（労働基準法20条、21条）。""}, {""sid"": ""S2"", ""question"": ""技能実習について"", ""answer"": ""OTIT外国人技能実習機構　母国語相談\nTel 0120-250-147（英語 English）\nTel 0120-250-169 （中国語 中文）\nTel 0120-250-197（タガログ語 Tagalog）\nTel 0120-250-197（タガログ語 Tagalog）\nTel 0120-250-168（ベトナム語 Tiếng Việt）\nTel 0120-250-192（インドネシア語 Indonesia）　 　等々""}]"
欠勤の扱いについて,滋賀労働局の情報では、欠勤に関する具体的な平均的扱いは記載されていません。一般的には労働条件は就業規則・雇用契約で定められ、欠勤時の扱い（欠勤控除や有給休暇の適用など）は、就業規則・労働契約、または労働基準法に従って判断します。欠勤の場合の給与・有給休暇の取り扱いは、事業主が明確なルールを就業規則等で示し、労働者へ周知することが求められます。緊急時の欠勤や欠勤理由の正当性については、就業規則の定めと法令を照らして判断します。問い合わせ先は滋賀労働局雇用環境・均等室などです。,"[{""sid"": ""S1"", ""question"": ""正社員と非正規社員との間の不合理な待遇差が禁止されました！（2020年４月１日施行。中小企業における適用は、2021年４月１日。）"", ""answer"": ""同一企業内における正社員（無期雇用フルタイム労働者）とパートタイム労働者・有期 雇用労働者との間の不合理な待遇の差をなくし、どのような雇用形態を選択しても待遇 に納得して働き続けることができるよう、パートタイム・有期雇用労働法や施行規則、 同一労働同一賃金ガイドライン、パートタイム・有期雇用労働指針が施行されます。\n１ 不合理な待遇差の禁止\n同一企業内において、正社員と非正規雇用労働者との間で、基本給や賞与などの あらゆる待遇について、不合理な待遇差を設けることが禁止されます。 ガイドライン（指針）において、どのような待遇差が不合理に当たるかを例示します。\n２ 労働者に対する待遇に関する説明義務の強化\n非正規雇用労働者は、「正社員との待遇差の内容や理由」などについて、事業主に 説明を求めることができるようになります。 事業主は、非正規雇用労働者から求めがあった場合は、説明をしなければなりません。\n３　行政による事業主への助言・指導等や裁判外紛争解決手続き（行政ADR）の整備\n都道府県労働局において、無料非公開の紛争解決手続きを行います。　「均等待遇」や「待遇差の内容・理由に関する説明」についても、行政ADRの対象となります。\nお問い合わせ　滋賀労働局　077-522-6648""}]"
結婚手続き,滋賀県国際協会の情報に基づく結婚手続きは以下のとおりです。1) 外国人が日本国内で結婚する場合、本国の法律と日本の法律の両方に従って婚姻の手続きを行います。2) 婚姻の手続きについては、本国の在日領事館または大使館へ問い合わせてください。3) 本国で定められている婚姻法に従い、必要書類をそろえ日本語訳文を用意してください。4) 婚姻届は届出人の所在地の市町村役場の戸籍係へ提出してください（日本の制度に準じた手続き）。,"[{""sid"": ""S1"", ""question"": ""婚姻届"", ""answer"": ""- 外国人が日本国内で結婚する場合は両人の本国の法律と日本の法律にしたがって婚姻の手続きをしなければなりせん。\n- 本国の在日領事館または、大使館に婚姻の手続きについて問い合わせてください。\n- 婚姻に関しては、本国で定められている婚姻法に従って、必要書類をそろえ手続きをしてください。（書類の日本語訳文も必要です）\n- 婚姻届を届出人の所在地の市町村役場の戸籍係に提出してください。""}]"
永住申請について,滋賀県国際協会の情報に基づくと、永住申請についてはS1の関連情報には直接の記載がありません。永住申請に関する詳しい手続きや要件は、出入国在留管理庁の公式情報をご確認ください。滋賀県在住者の手続き窓口として大阪入国管理局大津出張所が案内されていますが、永住申請の専門窓口や要件の具体的な内容は公式サイトをご参照ください。なお、在留資格の変更・移行、在留期間の取り扱いなどは在留関係手続きのページで説明されています。,"[{""sid"": ""S1"", ""question"": ""在留について"", ""answer"": ""日本に住む外国人には、それぞれの滞在目的に従って在留資格と在留期間が与えられます。おのおのの「在留資格」には活動できる内容が厳格に規定されています。\n関連ページ\n出入国在留管理庁 (http://www.moj.go.jp/isa/index.html)\n在留関係の手続きについては\n在留関係手続き (https://www.moj.go.jp/isa/applications/index.html)\n入国後の在留関係の手続き\n滋賀県在住の方は、\n大阪入国管理局大津出張所\nで行います。\n大阪入国管理局大津出張所 (http://www.moj.go.jp/isa/about/region/osaka/index.html)\n大津市京町3-1-1 大津びわ湖合同庁舎6階　　℡：077-511-4231\n一般的な内容についての相談\n外国人在留インフォメーションセンター・ワンストップ型相談センター（入国管理局）に外国語で問い合わせることもできます。\n外国人在留インフォメーションセンター (http://www.moj.go.jp/isa/consultation/center/japanese.html)\n℡ 0570-013904（ＩＰ, ＰＨＳ, 海外: 03-5796-7112）\n新しい在留資格への移行により、平成24年7月9日より前の住所は住民票には記載されません。 ※これまで市区町村で保管されていた「外国人登録原票」は、平成24年7月9日から法務省で保管されています。\n外国人登録原票に係る開示請求について（法務省HPへリンク） (http://www.moj.go.jp/isa/applications/disclosure/foreigner.html)""}]"
ブラジル人の氏名について,申し訳ありません。ご依頼の“滋賀県国際協会”の情報だけを根拠に、ブラジル人の氏名についての事実ベースの回答を提供するには、該当する情報が手元にありません。具体的なガイドラインや規定がある場合は、出典を特定のS番号とともにご提示ください。,[]
美容室で予約について,滋賀県国際協会の情報だけを根拠に回答します。美容室の予約に関する具体的な手順は、提供された文献には記載がありません。代わりに、健康保険シリーズのような一般的な案内が含まれていますが、美容室予約の要点は不明です。必要であれば、関連する別ソースをご案内します。,"[{""sid"": ""S1"", ""question"": ""予防接種について"", ""answer"": ""予防接種リサーチセンターのウェブサイトを確認してください。""}, {""sid"": ""S2"", ""question"": ""【健康保険シリーズ ８】年に１回は健診を受けましょう！"", ""answer"": ""健康診断を受けていますか？健診はからだの異常を早期に発見できる絶好の機会です。まったく自覚症状のない検査数値の異常も、放置しておくと命にかかわる病気に進行してしまう可能性があります。そのため、毎年の健診結果を確認、比較し、からだの変化を読み取ることが大切です。年に１回は必ず健診を受けましょう。\n日本では、４０歳から７４歳までの健康保険の加入者を対象とした「特定健診」を実施しています。加入する健康保険から年に１回健診費用の補助が受けられます。\n★お勤めの方\n年に１回、健康診断を従業員に受けさせることが事業主に義務付けられています。\n会社で健康診断の案内があったら必ず受診しましょう。法で定められた検査項目については、事業主が費用を負担します。\n★協会けんぽの健康保険に加入の扶養家族の方\n４０歳以上のご家族の方には、毎年４月に特定健診の案内が自宅に届きます。\n中には、受診券やパンフレットなどが入っています。事前に受けたい病院や会場を予約して、特定健診を受けましょう。受診券があれば、費用の総額から７,１５０円引きになります。 自己負担なしの無料で受けられる会場もありますので、案内が届いたら、必ず受診しましょう。\n★国民健康保険に加入中の方\n国民健康保険でも特定健診の受診を推進しており、自宅に案内を配付していますので、案内が届いたら必ず受診しましょう。案内の時期や内容については、住んでいる市町村役場に聞いてみましょう。\n協会けんぽに加入の皆様へ ～ お知らせ ～\n２０２３年１月から、協会けんぽの申請書・届出書の様式が変更になりました。\n新しい様式は、協会けんぽのホームページからダウンロードできます。\n古い様式の申請書・届出書をお持ちの方は、使用せず廃棄してください。""}, {""sid"": ""S3"", ""question"": ""【健康保険シリーズ ８】年に１回は健診を受けましょう！"", ""answer"": ""健康診断を受けていますか？健診はからだの異常を早期に発見できる絶好の機会です。まったく自覚症状のない検査数値の異常も、放置しておくと命にかかわる病気に進行してしまう可能性があります。そのため、毎年の健診結果を確認、比較し、からだの変化を読み取ることが大切です。年に１回は必ず健診を受けましょう。\n日本では、４０歳から７４歳までの健康保険の加入者を対象とした「特定健診」を実施しています。加入する健康保険から年に１回健診費用の補助が受けられます。\n★お勤めの方\n年に１回、健康診断を従業員に受けさせることが事業主に義務付けられています。\n会社で健康診断の案内があったら必ず受診しましょう。法で定められた検査項目については、事業主が費用を負担します。\n★★\t協会けんぽの健康保険に加入の扶養家族の方\n４０歳以上のご家族の方には、毎年４月に特定健診の案内が自宅に届きます。\n中には、受診券やパンフレットなどが入っています。事前に受けたい病院や会場を予約して、特定健診を受けましょう。受診券があれば、費用の総額から７,１５０円引きになります。 自己負担なしの無料で受けられる会場もありますので、案内が届いたら、必ず受診しましょう。\n★★国民健康保険に加入中の方\n国民健康保険でも特定健診の受診を推進しており、自宅に案内を配付していますので、案内が届いたら必ず受診しましょう。案内の時期や内容については、住んでいる市町村役場に聞いてみましょう。\n協会けんぽに加入の皆様へ ～ お知らせ ～\n从2２０２３年１月から、協会けんぽの申請書・届出書の様式が変更になりました。\n新しい様式は、協会けんぽのホームページからダウンロードできます。\n古い様式の申請書・届出書をお持ちの方は、使用せず廃棄してください。""}]"
保険料と国民保険の入りなおすの手続きについてベトナム語通訳依頼,ベトナム語の通訳依頼について、滋賀県国際協会の情報を根拠に事実ベースで答えます。保険料と国民健康保険の加入・脱退手続きは下記です。1) 会社就職時は、健康保険の加入手続きは会社が行います。脱退手続きは自分で市役所に申請してください。2) 退職後は、会社の社会保険資格喪失後に健康保険証を返却し、市役所で国民健康保険への加入手続きが必要です。3) 試用期間中も社会保険加入は原則として必要です。4) ベトナム語通訳の具体的手配方法や費用についての記載は、滋賀県国際協会の資料には含まれていません。必要であれば、滋賀県国際協会の窓口へ直接ご相談ください。,"[{""sid"": ""S1"", ""question"": ""【健康保険シリーズ１】  日本の公的保険制度について"", ""answer"": ""日本の会社に就職して仕事を始めると、お給料から社会保険料が引かれていることに気が付くと思います。この“社会保険”とは何を指すのでしょうか。日本では様々な社会保険制度があり、国籍に関わらず皆さんが加入し保障を受けることができます。\n今回はその中の健康保険について、会社にお勤めの方と、そうでない方の違いを見てみましょう。\n会社で働いてお給料をもらっている方：会社を通じて社会保険に加入します。保険料は給料から天引きになりますが、保険料の半分を会社が負担してくれています。また、扶養の家族も一緒に加入することができます。家族は保険料がかかりません。健康保険と年金はセットで加入します。\n自営業・無職など会社にお勤めではない方（上記以外の方）：個人で国民健康保険に加入します。保険料はご自身でお住いの市役所に納める必要があります。保険料は家族分を含め、全額自己負担となります。同様に年金も、個人で国民年金に加入します。\n●　病院での支払いが3割で済むのはどちらも同じです。また医療費が高額になった時の給付、出産や死亡の時の給付も同じです。会社の社会保険には病気や出産で仕事を休んだ時に、お給料を一部保障する給付がありますが、国民健康保険にはありません。\n健康保険の加入と脱退の手続きについて\n会社に就職したとき：社会保険に加入するときは会社が手続きをしてくれますが、それまで加入していた国民健康保険の脱退の手続きは自分でする必要があります。保険料が二重で請求されることのないよう、お住いの市役所で脱退の手続きをしてください。\n会社を退職したとき：退職し社会保険の資格が喪失したときは、保険証は使えなくなっていますので、すぐに会社に返却しましょう。そして自分で市役所に行って国民健康保険に加入し、保険証をもらう手続きをする必要があります。他にも社会保険を任意で継続加入する、ご家族の扶養に入るといった選択肢もありますので確認してみてください。""}]"
年金についての相談,滋賀県国際協会の情報に基づく回答です。年金の相談先として、ねんきんダイヤル（0570-05-1165 または IP電話・PHS 03-6700-1165）、草津市の街角の年金相談センター（草津） 077-564-4311、滋賀県内の年金事務所として大津年金事務所（077-521-1789）、草津年金事務所（077-567-2220）、彦根年金事務所（0749-23-1114）をご案内します。これらは公的年金制度に関する相談窓口です。,"[{""sid"": ""S1"", ""question"": ""年金の相談は"", ""answer"": ""- ねんきんダイヤル ℡ 0570-05-1165　　　IP電話・PHS: ℡ 03-6700-1165\n- 街角の年金相談センター草津（草津市渋川1-1-50） ℡　077-564-4311\n- 大津年金事務所（大津市打出浜13-5） ℡ 077-521-1789\n- 草津年金事務所（草津市西渋川1-16-35） ℡ 077-567-2220\n- 彦根年金事務所（彦根市外町169-6） ℡ 0749-23-1114""}]"
滋賀での仕事探し,滋賀での仕事探しには、派遣・正社員を含む多様な働き方があります。派遣については、労働契約の申し込み義務や雇用安定措置の内容が定められており、滋賀労働局の相談窓口で外国人労働者向けの案内も利用できます（派遣受け入れ期間は原則3年、2018年以降の措置等ご案内あり）。求職は公共職業安定所（ハローワーク）での職業紹介を利用可能です。民間賃貸住宅の情報は別項目ですが、就労と居住をセットで考える場合は、滋賀県の住宅課等の窓口へ相談すると良いでしょう。,"[{""sid"": ""S3"", ""question"": ""派遣労働についての新しいルール等を知って、就労に役立てましょう！"", ""answer"": ""■派遣受け入れ期間の制限と労働契約の申し込み義務について\n一部の業務を除き、派遣先で派遣労働者を受け入れることのできる期間には最長３年の制限があります。期間制限を超えてその業務について派遣労働者を仕事をさせる場合などは、派遣先は派遣労働者へ労働契約の申込みをしなければなりません。 2015年の労働者派遣法改正法で、派遣として、同じ事業所で同じ仕事を３年を超えて働くことは、基本的にできないことになりました。一定の手続きを経れば、３年を超えて働くことはできますが、異なる「課」などへ移動することが必要です。2018年９月より、同じ事業所の同じ「課」などに、継続して３年派遣される見込みとなった場合には、派遣元事業主（派遣会社）から下記の雇用安定措置（義務）を受け取ることが可能です。 （１年以上３年未満派遣見込みの方には、努力義務の対象。「派遣元で無期雇用されている派遣労働者」や「６０歳以上の派遣労働者」などは、雇用安定措置の対象外）\n対象：2015年９月３０日以降に労働者派遣契約を締結・更新した派遣労働者\n△　雇用安定措置の内容（義務）\n派遣元事業主は、以下の1.～4.のいずれかの措置を講じる必要があります。また、1.を講じて直接雇用に結び付かなかった場合には、別途2.～4.のいずれかの措置を講じる必要があります\n1. 派遣先への直接雇用の依頼（派遣先が同意すれば、派遣先の社員となります）\n2. 新たな派遣先の提供（その条件が派遣で働く方の能力、経験に照らして合理的なものに限る）\n3. 派遣元での派遣労働者以外としての無期雇用\n4. その他雇用の安定を図るための措置\n注意\n- 雇用安定措置の対象となるには、派遣元事業主に対し、派遣終了後も継続して就業することを希望することが必要です。雇用安定措置1.～4.のうち、派遣元事業主に講じてもらいたいものを希望することができます。\n- 派遣先が、派遣労働者を禁止業務（港湾運送業務、建設業務、警備業務、医療関連業務）に従事させたり、期間制限に違反して労働者派遣を受け入れたなどの場合には、その派遣労働者に対して労働契約の申し込みをしたとみなされます。\n■無期雇用への転換推進措置について\n2018年４月から無期雇用の申請受付も始まっています。有期労働契約が2013年４月以降、反復して更新されて通算５年を超えたときは、労働者の申し込みにより、次回の契約から期間の定めのない労働契約に転換できます。（詳しくはみみタロウ１２６号）\n労働についての相談窓口\n滋賀労働局総合労働相談コーナー　℡：077-522-6648　（日本語）\n大津市打出浜１４－１５滋賀労働総合庁舎４Ｆ\n「外国人労働者向け相談ダイヤル」10:00～15:00\n- 英語　　　　　月～金　　　℡ 0570-001701\n- 中国語　　　　月～金　　　℡ 0570-001702\n- ポルトガル語　月～金　　　℡ 0570-001703\n- スペイン語　　火、木、金　℡ 0570-001704\n- タガログ語　　火、水　　　℡ 0570-001705""}, {""sid"": ""S4"", ""question"": ""求職"", ""answer"": ""日本国内で就労できる外国人の方は日本人と同じように職業紹介を受ける事ができます。\n公共職業安定所　(ハローワーク)\n職業紹介、就労に関する相談などに応じる国の機関が公共職業安定所です。\n仕事が見つかり労働契約を結ぶ時の重要な決まりや雇用保険についてなど、いろいろな相談も合わせて行われています。""}]"
会社に騙されたくない,滋賀県国際協会の情報に基づくと、事業者や公的機関が未納料金の名目で電子マネーを購入させることは絶対にありません。疑わしい請求には返信・連絡をしないこと、公式の登録情報を金融庁の資金移動業者登録一覧で確認すること、身に覚えのない請求や不審な手口には注意してください。万が一不安があれば、警察相談ダイヤル#9110や消費者ホットライン188などに相談してください。,"[{""sid"": ""S1"", ""question"": ""金融トラブルにご注意！！"", ""answer"": ""電子マネーのトラブル\nインターネット有料サイトの利用料金未納を騙った架空請求など、詐欺行為の支払手段として現金だけでなく、電子マネーを悪用した被害が急増しています。\n※预プリペイドカードなどの電子マネーは、相手にカードを渡さなくても、カードに記載された番号等を伝えるだけで電子マネーの価値を譲渡したことになります。\n詐欺です！：「コンビニで電子マネーカードを買って、カード番号を教えて。\n」\n！身に覚えのない請求等に返信、連絡しないでください。\n！事業者、法務省や裁判所などが「未納料金などの支払い」の名目で、　　コンビニで電子マネーカードを購入させることは絶対にありません。\nマネー・ロンダリング（犯罪に関係するお金を持っている人をわからなくすること）は違法です！\n詐欺です！：「このお金をあなたの口座から送金してほしいんです。一万円あげますから。」\n！口座を他人にあげるなどの行為は違法です。\n！違法な業者かどうか判断できない場合はその業者は使わないでください。\n　金融庁ウェブサイトの資金移動業者登録一覧に載っていない業者は違法です。\nここから確認できます→　https://www.fsa.go.jp/menkyo/menkyoj/shikin_idou.pdf\n。\nメール・SMS（ショートメッセージサービス）による被害防止対策として、あらかじめ受信拒否設定をしておくことが効果的です。\n！おかしいと思ったら、すぐに家族や友人、警察＃9110（警察相談専用電話）に相談！\n- 消費者ホットライン　　　　１８８　（日本語）\n- 訪日外国人観光客消費者ホットライン 03-5449-0906\n- 金融サービス利用者相談室0570-016811（从ＩＰ電話からは：03-5251-6811）\n- 英語ワンストップ窓口　　　email: equestion@fsa.go.jp""}]"
自分が何をしてしまうかわからないくらい腹が立つ,滋賀県国際協会の情報には、感情の起伏の原因や対処方法に直接的な指示はありません。もし強い怒りを感じて自分では対処が難しい場合は、落ち着く時間を作り、深呼吸や一時的な場所を離れるなどの安定化を試みるとよいでしょう。専門家への相談や、信頼できる人に話すことも有効です。緊急性が高い場合は地域の緊急連絡先を利用してください。,[]
生活支援,生活支援として、困ったときは市役所の福祉の窓口または社会福祉協議会へ相談しましょう。住居確保給付金の案内や新型コロナ影響の生活支援情報、滋賀県の住宅関連窓口などが案内されています。詳細は各窓口へお問い合わせください。,"[{""sid"": ""S1"", ""question"": ""生活に困ったら"", ""answer"": ""市役所の福祉の窓口または、社会福祉協議会に相談しましょう。\n社会的包摂サポートセンター　よりそいホットライン\nTel: 0120-279-338""}]"
外国籍住民の苦情,滋賀県国際協会の情報だけに基づくと、外国籍住民に関する苦情には、外国人権ダイヤル（Tel 0570-090911、対応言語：英語、中国語、韓国語、フィリピノ語、ポルトガル語、ベトナム語）へ相談することが案内されています。また、在留に関する困りごとは在留関係の窓口や外国人在留インフォメーションセンターへの問い合わせが推奨されています。労働災害等の権利侵害が疑われる場合には、労災保険の適用や事業主の義務についての案内もありますので、関係窓口へ相談してください。苦情対応の具体的な手順や窓口の詳細は、滋賀県在住の方が大阪入国管理局大津出張所等の関連窓口へ問い合わせる案内が示されています。必要に応じ、外国人在留インフォメーションセンターなどの多言語相談窓口を活用してください。,"[{""sid"": ""S1"", ""question"": ""人権侵害について"", ""answer"": ""外国人人権ダイヤル\nTel 0570-090911\n対応言語：英語，中国語，韓国語，フィリピノ語，ポルトガル語、ベトナム語\n(English, Chinese, Korean, Filipino, Portuguese, Vietnamese)""}, {""sid"": ""S2"", ""question"": ""在留について"", ""answer"": ""日本に住む外国人には、それぞれの滞在目的に従って在留資格と在留期間が与えられます。おのおのの「在留資格」には活動できる内容が厳格に規定されています。\n関連ページ\n出入国在留管理庁 (http://www.moj.go.jp/isa/index.html)\n在留関係の手続きについては\n在留関係手続き (https://www.moj.go.jp/isa/applications/index.html)\n入国後の在留関係の手続き\n滋賀県在住の方は、\n大阪入国管理局大津出張所\nで行います。\n大阪入国管理局大津出張所 (http://www.moj.go.jp/isa/about/region/osaka/index.html)\n大津市京町3-1-1 大津びわ湖合同庁舎6階　　℡：077-511-4231\n一般的な内容についての相談\n外国人在留インフォメーションセンター・ワンストップ型相談センター（入国管理局）に外国語で問い合わせることもできます。\n外国人在留インフォメーションセンター (http://www.moj.go.jp/isa/consultation/center/japanese.html)\n℡ 0570-013904（ＩＰ, ＰＨＳ, 海外: 03-5796-7112）\n新しい在留資格への移行により、平成24年7月9日より前の住所は住民票には記載されません。 ※これまで市区町村で保管されていた「外国人登録原票」は、平成24年7月9日から法務省で保管されています。\n外国人登録原票に係る開示請求について（法務省HPへリンク） (http://www.moj.go.jp/isa/applications/disclosure/foreigner.html)""}, {""sid"": ""S4"", ""question"": ""労働災害"", ""answer"": ""外国人労働者（入国管理法における「不法就労者」を含む）も仕事場でケガをしたり、仕事が理由で病気になったり、死亡したり、あるいは職場への行きかえりに事故にあったりした場合には、医療費、仕事ができない分の補償、傷害が残ったときの補償等を労災保険から受けられます。この保険には、パートタイマー、アルバイトを問わず労働者を1人でも雇っている事業主は加入しなければならず、保険料については事業主が全額負担しなければなりません。 詳しいことは労働基準監督署に相談しましょう。""}]"
残業・有休について,滋賀県国際協会の情報に基づくと、時間外労働の上限は原則月45時間、年360時間、特別事情がある場合でも年720時間、月100時間未満、複数月平均80時間を限度とする必要があります。また、有給休暇は年次有給休暇を取得する権利があり、年10日以上付与される労働者には、年5日について使用者が時季を指定して取得させる義務があります。年休を5日以上取得済みの場合は時季指定は不要です。なお、年休の権利は2年間で消滅し、消化できなかった有給休暇の換金は原則として不可です。これらの制度は滋賀労働局の情報にも準拠します。,"[{""sid"": ""S1"", ""question"": ""働き方が変わります（2019年４月から）"", ""answer"": ""時間外労働の上限規制が導入されます！（中小企業は２０２０年４月１日から）\n時間外労働の上限が、原則月４５時間、年３６０時間となります。臨時的な特別な事情がある場合でも年７２０時間、月１００時間未満（休日労働を含む）、複数月平均８０時間（休日労働含む）を限度に設定する必要があります。\n年次有給休暇の確実な取得が必要です！\n年次有給休暇は、原則として、労働者が請求する時季に与えることとされていますが、職場への配慮等の理由から取得率が低調な現状があります。\nこのため、全ての企業において、年１０日以上の年次有給休暇が付与される労働者に対して、年次有給休暇の日数のうち年５日については、使用者が時季を指定して取得させることが必要となりました。\n年次有給休暇を５日以上取得済みの労働者に対しては、使用者による時季指定は不要です。\n☛有給休暇は勤務年数等によって異なります。労働者側から希望する日を雇用者に申し出ます。""}]"
医療保険について,滋賀県国際協会の情報に基づくと、日本の医療保険は健康保険と国民健康保険の二系統です。外国人も1年以上在留する場合はどちらかに加入します。健康保険は会社で常時雇用される人が対象で、保険料は所得に応じ本人が3割負担、残りを雇用主が負担します。医療費自己負担は3割です。国民健康保険は一年以上日本に居住し健康保険未加入の場合に居住地の市町村で加入します。保険料は世帯の所得・固定資産税額・世帯人数などで毎年決定され、医療費自己負担は3割です。病院を受診する際は保険証を必ず提示してください。,"[{""sid"": ""S1"", ""question"": ""医療保険制度"", ""answer"": ""日本の医療保険制度には、大きく分けて「健康保険」と「国民健康保険」があります。外国人も1年以上在留する場合はいずれかの保険に加入しなければなりません。医療保険に加入することにより、被保険者やその被扶養者が病気やけがをして診療を受ける場合に医療給付が受けられます。\n健康保険\n会社で常時雇用されている人は健康保険制度が適用されます。被保険者とその扶養者が加入し給付が受けられます。保険料は、加入者の所得によって決まりますが、本人が負担するのは半分で、残りの半分は雇用主が支払います。\n医療費自己負担　　3割\n- その他の給付：傷病給付、出産育児一時金、出産手当金など\n国民健康保険\n一年以上日本に居住し，健康保険に加入していない場合、居住地の市町村で国民健康保険に加入しなければなりません。\n 保険料は、加入世帯の所得、固定資産税額、世帯の人数などをもとに毎年決めています。\n医療費自己負担　　3割\n- その他の給付：出産一時金、　高額医療費、葬祭費（加入者が死亡したとき）\n- 病院で治療、診察を受ける時には健康保険証を必ず受け付けで渡して下さい。""}]"
異常が見つかった,申し訳ありませんが、提示された質問の「異常が見つかった」という状況だけでは、滋賀県国際協会の公開情報に基づく事実を特定できません。追加の具体情報（異常の内容、発生時期、関係部署など）を提供してください。,[]
交通違反で警察での取り調べについて,交通違反で警察での取り調べについては、直接の取り調べが行われる場合があります。被疑者の権利として、黙秘権を行使できます。必要に応じて弁護人を依頼する権利や、当番弁護士制度を利用する権利があり、滋賀弁護士会の当番弁護士専用電話 077-522-2013 へ連絡することができます。経済的困難がある場合は法テラスを利用することができます（法テラス多言語案内 TEL 0570-078-377、ウェブ）。“取り調べ自体の進行や具体的な手続きの詳細は、現場の警察官の説明に従ってください。”,"[{""sid"": ""S5"", ""question"": ""刑事事件を起こしてしまったら （事件・事故）"", ""answer"": ""被疑者の権利\n被疑者の権利として３つの権利が保障されています。\n1. 事実を知る権利\n2. 黙秘権\n3. 弁護人依頼権\n当番弁護士制度\n警察に逮捕、拘留された被疑者や家族の求めに応じて弁護士会が速やかに弁護士を被疑者のところに派遣する「当番弁護士」の制度があります。要請する場合ははっきりと申し出てください。\n滋賀弁護士会　当番弁護士専用電話　　TEL　077-522-2013\n民事法律扶助制度\n経済的に困っている人には、日本司法支援センター　(法テラス)　がありますので、当番弁護士が接見に来た際に相談してください 。\n法テラス [多言語ダイヤル]　TEL 0570-078-377\n法テラス [多言語] (http://www.houterasu.or.jp/multilingual/)\n国選弁護人\n起訴後、被告人は裁判のための弁護人を依頼することができます。経済的に無理な場合は、依頼すれば政府の国選弁護人をつけてくれます。""}]"
扶養について,滋賀県国際協会の情報に基づくと、扶養については公的制度として児童手当や健康保険の被扶養者要件、教育費の公的援助などがあり、条件を満たす場合に利用できます。具体的には、児童手当は生後から高校修了年齢までの児童を養育する方に支給され、年齢区分ごとに額が定められています。看護休暇や育児休業など、就労と子育ての両立を支援する制度もあり、就学援助や高等教育の修学支援など教育費の支援制度もあります。制度ごとに年齢、居住状況、就労状況など条件が異なるため、勤務先や市町窓口、教育委員会等へ個別にご確認ください。,"[{""sid"": ""S1"", ""question"": ""子育て応援シリーズ➂ 仕事と育児の両立を応援！"", ""answer"": ""育児をしながら仕事を続けられるように、産後や育児のための休暇や、復職してから育児をサポートする制度があります。利用するには、雇用状況や加入している保険などについての条件があります。\n★雇用保険（社会保険）の被保険者が利用できる制度\n育児休業制度\n１歳に満たない子を養育するための休業制度です。１歳までの育児休業については、2回に分けて取得することも可能です。父母ともに育児休業を取得する場合や、保育所等に入れない場合には、育児休業期間を延長することもできます。休業開始予定日の１か月前までに、勤務先に書面で申し出てください。一定の条件を満たすと、休業期間中に「育児休業給付金」の支給を受けることができます。支払額は180日までは休業開始時賃金日額の67％、それ以降は50％です。\n出生時育児休業（産後パパ育休）制度\n原則的に男性を対象とした出生後の子を養育するための休業制度です。父親は子どもが生まれた日から８週間以内、４週間分まで取得でき、２回に分割して取得することもできます。休業開始予定日の２週間前までに、勤務先に書面で申し出てください。一定の条件を満たすと「出生時育児休業給付金」の支給を受けることができます。\n支払額は、休業開始時賃金日額ｘ休業期間の日数（28日が上限）ｘ67％です。\n→詳しくは勤務先所在地を管轄するハローワークへ\n産前産後の一定期間の年金、健康保険料が免除、軽減されます（2024年１月より）：・社会保険の加入者が産前産後休業・育児休業を取得する場合、休業中の健康保険料と厚生年金保険料が免除されます。 →詳しくは年金事務所へ\n★労働基準法により定められ、復職後使える制度\n※それぞれの制度には子どもの年齢の制限や勤務時間などの条件があるので勤務先に確認しましょう。\n育児時間\n雇用形態にかかわらずフルタイム勤務の女性労働者は、子どもが1歳未満までの間、休憩時間とは別に１日２回それぞれ少なくとも30分の育児時間を請求できます。育児時間は、勤務時間中でも、勤務時間始め、または終わりにとることもできます。\n短時間勤務制度、時間外労働・深夜業の免除\n男女共に育児する親は、勤務時間の短縮（原則６時間）や時間外、深夜労働（午後１０時から午前５時まで）などの免除を請求することもできます。\n看護休暇\n雇用形態にかかわりなく、小学校就学前の子を養育する労働者は、ケガや病気の子どもの世話や、予防接種や健康診断を受けさせるために、看護休暇を取得できます。小学校就学前の子が１人であれば１年に５日、２人以上であれば10日までの看護休暇を、年次有給休暇とは別に時間単位で取得できます。\n※看護休暇について、有給か無給かは勤務先の制度によって異なります。\n→　相談は滋賀労働局雇用環境・均等室　　℡ 077-523-1190""}]"
親権証明書について,滋賀県情報として、親権証明書に関する具体的な案内は提供されていません。国際結婚・在留に関連する一般的な手続きについては、滋賀県人権施策推進課や在留情報センター等の連絡先をご参照ください。必要な場合は、外国人相談窓口や法務省の在留関連案内をご確認ください。,"[{""sid"": ""S1"", ""question"": ""「滋賀県パートナーシップ宣誓制度」の 開始について（2024年9月2日～）"", ""answer"": ""同性婚が法的に認められていない中で、この制度は、一方または双方がLGBT等の当事者であり、人生において、お互いが協力して継続的に生活を共にすることを約束した二者の関係を宣誓したことについて、県が証明し、宣誓書受領証を交付するものです。宣誓には、事前予約が必要です。\n問合せ先\n滋賀県人権施策推進課\n[日本語]　Tel 077-528-3533\n[外国語]　しが外国人相談センター　Tel 077-523-5646""}]"
日本の中学校と高校の情報について,滋賀県内の中学校・高校に関する情報は、以下のとおりです。中学校は義務教育ではなく就学は任意ですが、希望すれば公立・私立とも就学可能です。公立小中学校への就学は各市町村教育委員会へ、公私立への就学は直接学校へ問い合わせます。高校へは入学試験に合格する必要があり、一般には外国での教育歴等を踏まえた受験資格要件があります。滋賀県教育委員会事務局への問合せ先は077-528-4573です。,"[{""sid"": ""S2"", ""question"": ""小学校、中学校"", ""answer"": ""日本国内に住所を有する外国人の子どもは、日本の小中学校に就学する義務を負うものではありませんが、希望する場合は就学することができます。公立小中学校は授業料はいりませんが、教材費などは必要です。\n就学の問い合わせ\n- 公立小中学校への就学：各市町村教育委員会\n- 私立小中学校への就学：直接、各小中学校""}, {""sid"": ""S4"", ""question"": ""高校の入学"", ""answer"": ""一般の日本の高校へ入学するためには、入学試験に合格しなければなりません。\n応募資格\n年齢が入学しようとする年の4月1日までに15才に達していること。\n原則として、外国で9年間の学校教育を終了しているか、日本の中学校を卒業、又は卒業見込であること。\n入学の問い合わせ\n滋賀県教育委員会事務局 ： 077-528-4573""}]"
書類の翻訳について,滋賀県国際協会の情報に基づくと、書類の翻訳については、まず郵便局関連の案内は多言語ページが用意されており、各言語で案内が提供されています（S1参照）。年末調整の各種申告書（扶養控除等申告書など）については、国税庁の外国語版の公開が案内されています（S2参照）。したがって、書類の翻訳が必要な場合は、S1の多言語案内とS2の外国語版申告書を参照して、該当する言語の案内・様式を確認してください。,"[{""sid"": ""S1"", ""question"": ""郵便局について"", ""answer"": ""以下の関連ページに各言語で案内があります。""}]"
日本語学校について,滋賀県国際協会の情報のみを根拠として、日本語学校に関する具体的なリストはS1に示されています。S1には京都を中心とする日本語学校の一覧が記載されており、滋賀県の日本語学校の情報は含まれていません。従って、滋賀県に関する日本語学校の事実ベースの情報はS1だけでは提供できません。もし滋賀県内の日本語学校情報をご希望なら、S2-S5には日本語学校に直接関連する情報が含まれておらず、現時点では滋賀県内の学校リストは提示されていません。ご了承ください。,"[{""sid"": ""S1"", ""question"": ""日本語学校 Japanese Language Schools"", ""answer"": ""- 京都日本語学校 (Kyoto Japanese Language School) (http://kjls.or.jp/)\n- 京都文化日本語学校 (Kyoto Institute of Culture and Language) (http://www.kicl.ac.jp/jp/)\n- 京都民際日本語学校 (Kyoto Minsai Japanese Language School) (http://www.kyotominsai.co.jp/)\n- 京都日本語研修センター(Kyoto Japanese Language Training Center) (http://www.kjltc.jp/)\n- YIC京都日本語学院 (YIC Kyoto Japanese Academy) (http://www.yic-kyoto.ac.jp/japanese/)\n- 京都国際アカデミー(Kyoto International Academy of Japanese Language) (http://www.kia-ac.jp/index.html)\n- 日本語センター(Kyoto Japanese Language School) (https://nihongo-center.com/)\n- ARC 京都日本語学校 (ARC Academy Kyoto) (http://japanese.arc-academy.co.jp/?lang=ja)\n- にほんご空間・京都 (Japanese Space Kyoto) (http://j-space.sakura.ne.jp/wp2/)\n- 京進ランゲージアカデミー(Kyoshin Language Academy-Kyoto Chuo School) (http://www.kla.ac/jp/kyoto_chuo/)\n- ISIランゲージスクール 京都校 (ISI Japanese Language School - Kyoto campus) (http://www.isi-education.com/ja/)""}]"
調停の結果,調停の結果については、滋賀県国際協会の情報源S1に基づき、家庭裁判所の調停を検討してください。大津家庭裁判所および支部、京都外国人の夫婦と親子に関する紛争解決センターの連絡先を利用できます。,"[{""sid"": ""S1"", ""question"": ""離婚についての話し合いがうまくいきません。"", ""answer"": ""家庭裁判所の調停で話し合うことができます。（日本語）\n- 大津家庭裁判所 　℡　077-503-8151\n- 大津家庭裁判所 彦根支部 　℡　0749-22-0167\n- 大津家庭裁判所 長浜支部 　℡　0749-62-0240\n- 京都外国人の夫婦と親子に関する紛争解決センター 　℡　075-692-3555""}]"
保証人になる手続きに関する説明資料について,滋賀県国際協会の情報には保証人になる手続きの具体的説明資料は掲載されていません。保証人に関する一般的な取扱いとしては、賃貸契約時に家主へ支援を約束する人として『保証人』を求められるケースがあり得ますが、具体的な手続き方法や必要書類、手数料等の案内は本資料には含まれていません。詳しい手続きは契約先の不動産業者や家主に直接ご確認ください。,"[{""sid"": ""S1"", ""question"": ""賃貸住居"", ""answer"": ""家やアパートを借りたい場合は、不動産業者に相談してください。\n\n契約に必要とされるのは\n敷金\n家賃支払いの担保として家主に預けておくお金です。退去する際に返金されるものです。未払い賃料および借りていた家の中に損害がある場合は、その修理費をさし引かれますが、残高が戻ります。\n礼金\n家主に支払う一時金で返金されないもの。\n報酬\n不動産業者に仲介を依頼した時は、通常1ヶ月分が必要です。""}]"
傷病手当金について,傷病手当金は、病気やケガで休業している間の生活を保障する給付金です。支給額は直近12か月の給与の平均の2/3で、勤務先の給与総額を基に算出され、手取り額とは異なる点に注意してください。支給条件は以下のとおりです。 1) 業務外の事由による病気やケガの療養のための休業であること。 2) 仕事に就くことができないこと（医師の証明が必要）。 3) 連続する3日間を含み4日以上仕事につけなかったこと。 4) 休業期間について給与の支払いがないこと（事業主の証明が必要）。詳細は協会けんぽ滋賀支部に問い合わせてください（℡ 077-522-1099）。,"[{""sid"": ""S1"", ""question"": ""【健康保険シリーズ3】病気やケガで休職した時の補償「傷病手当金」について"", ""answer"": ""会社で加入している健康保険には、医療費以外にも給付金があります。\nその一つが「傷病手当金」です。\n病気やケガで長期間仕事を休むと、給料が支払われなくなり生活費に困ることがあります。\nしかし傷病手当金を申請すれば、生活補償として給付金が健康保険より支給されます。\n傷病手当金は、病気休業中に被保険者とその家族の生活を保障するために設けられた制度で、被保険者が病気やケガのために会社を休み、会社から十分な報酬が受けられない場合に支給されます。\n【支給金額】直近１２か月の給与を平均した額の2/3\nただし、勤務先が社会保険に届けを出している給与総額です。手取りの金額とは一致しません。\n【支給の条件】\n1. 業務外の事由による病気やケガの療養のための休業であること\n2. 仕事に就くことができないこと（医師の証明が必要です）\n3. 連続する三日間を含み四日以上仕事につけなかったこと\n4. 休業した期間について給与の支払いがないこと（事業主の証明が必要です）\nその他、傷病手当金の詳細については協会けんぽのHPをご覧いただくか、お電話にてお問合せください。\n協会けんぽ滋賀支部\n℡　077-522-1099 (日本語)""}]"
在留資格の更新手続きについて,滋賀県在住の方は在留関係の手続き全般を大阪入国管理局大津出張所で行います。在留資格の更新は、有効期限が切れる前に更新申請を行い、在留資格の活動内容や条件を引き続き満たす必要があります。申請時には最新の在留資格の要件に従い、必要書類を揃えて申請します。詳しくは滋賀県在住者向け窓口情報および大阪出入国管理局の案内をご確認ください。なお、手続きや提出書類の詳細は法務省の在留関係手続きページをご参照ください。,"[{""sid"": ""S1"", ""question"": ""在留について"", ""answer"": ""日本に住む外国人には、それぞれの滞在目的に従って在留資格と在留期間が与えられます。おのおのの「在留資格」には活動できる内容が厳格に規定されています。\n関連ページ\n出入国在留管理庁 (http://www.moj.go.jp/isa/index.html)\n在留関係の手続きについては\n在留関係手続き (https://www.moj.go.jp/isa/applications/index.html)\n入国後の在留関係の手続き\n滋賀県在住の方は、\n大阪入国管理局大津出張所\nで行います。\n大阪入国管理局大津出張所 (http://www.moj.go.jp/isa/about/region/osaka/index.html)\n大津市京町3-1-1 大津びわ湖合同庁舎6階　　℡：077-511-4231\n一般的な内容についての相談\n外国人在留インフォメーションセンター・ワンストップ型相談センター（入国管理局）に外国語で問い合わせることもできます。\n外国人在留インフォメーションセンター (http://www.moj.go.jp/isa/consultation/center/japanese.html)\n℡ 0570-013904（ＩＰ, ＰＨＳ, 海外: 03-5796-7112）\n新しい在留資格への移行により、平成24年7月9日より前の住所は住民票には記載されません。 ※これまで市区町村で保管されていた「外国人登録原票」は、平成24年7月9日から法務省で保管されています。\n外国人登録原票に係る開示請求について（法務省HPへリンク） (http://www.moj.go.jp/isa/applications/disclosure/foreigner.html)""}]"
病院へ行く際について,病院へ行く際は、保険証を必ず持参し提示すると医療費が3割負担になります。時間外は追加料金が発生することがあるため、診療時間を事前に確認してください。初診で大病院を受診する場合は特別料金がかかることがあり、紹介状なしでの受診は避け、かかりつけ医を利用して必要に応じ紹介状をもらいましょう。複数の病院を受診すると初診料等が重複して費用が高くなるため、同じ病院を使うことをおすすめします。,"[{""sid"": ""S1"", ""question"": ""【健康保険シリーズ２】日本での病院のかかり方について"", ""answer"": ""保険証を持っていこう\n保険証とは、病院で受診するときに提示するカードです。会社や市役所から発行されます。日本では病院で保険証を提示すると、国の基準で定めた医療費の３割で受診できるのでとても安くなります。でも保険証を忘れてしまうと全額自己負担になるだけでなく、国の基準ではなく病院が自由に医療費を決めるため、より高額になることがあります。出かけるときは忘れずに保険証を携帯しましょう。将来はマイナンバーカードが保険証として使えるようになりますから、早めにマイナンバーカードを作ったほうが良さそうですね。\n保険証が使えないときもある\n保険証は日本のほとんどの病院や調剤薬局で使うことができます。しかし使えない受診もあります。民間療法など国の基準に該当しない治療のほか、美容整形や歯列矯正など日常生活に支障がない治療には使えません。予防接種や健康診断、人工妊娠中絶も対象外になります。仕事中や通勤中の怪我の場合、会社で働いている方は健康保険とは別に労働災害保険にも入っていますので、労働災害保険が補償してくれます。会社に相談してください。そしてこの場合、保険証は使えませんので注意してください。\n【病院のかかり方で上手に節約】\n休日や夜間に急病になったとき、診療してくれる医療機関は心強い存在です。しかし病院のかかり方によっては、割増料金がかかり医療費が高額になることがあります。\n◇時間外に受診すると追加料金がかかる\n診療時間外（夜間、早朝、休日（日曜・祝日）、深夜）に受診すると、通常料金とは別に追加料金を支払うことになります。また薬局で薬を調剤してもらう場合も同様です。ホームぺージ等で診療時間を確認してから行きましょう。\n◇いきなり大病院に行くと特別料金がかかる\n大きな病院に紹介状なしで受診をすると特別料金が5,000円以上かかります。\nまずはお近くのかかりつけ医を受診し、必要な場合は紹介状を書いてもらい大病院を受診しましょう。\n◇複数の病院を受診すると医療費が高くなる\n「症状がよくならないから」「場所が遠いから」などの理由で病院を変えたことはありませんか？\nしかし、途中で病院を変えると毎回「初診料」がかかり、検査や投薬も重複するため、医療費が高くなります。「かかりつけ医」を決めて、同じ病院で受診しましょう。""}]"
入院費用の支払いについて,入院費用についての具体的な支払い額の扱いは、提供元の情報には直接記載がありません。しかし、紹介状なしで大病院を受診した場合の特別料金などは記載されています。入院費用の負担や適用される制度（高額療養費等）は、病院の規模や状況により異なる可能性がありますので、まず住居地の診療所を受診し、適切な紹介を受けることをお勧めします。,"[{""sid"": ""S1"", ""question"": ""【健康保険シリーズ７】大きな病院にかかるときは注意が必要です～"", ""answer"": ""【選定療養費の改正について】\n2022年10月から国の制度が見直しとなり、紹介状なしで大病院を受診するときの医療費負担が大きくなりました。\n初診　５，０００円　→　７，０００円（税別）\n再診　２，５００円　→　３，０００円（税別）\nこの金額は健康保険の対象外です。高額療養費にも含まれません。大病院とは大学病院や、おおむね２００床以上の病院のことです。日本の病院は、病院の規模などに応じた役割分担をすすめています。\n軽症の患者が初めから大病院を受診してしまうと、本来大病院で治療するべき重症患者の受診や入院患者への対応が妨げられてしまいます。\n紹介状をもたず大病院を受診した場合は、通常の医療費の他に７，０００円以上の特別な料金がかかりますので、注意してください。\nまずお住まいの地域の診療所を受診し、必要に応じ大病院の紹介を受けてください。""}]"
傷病手当の申請について,傷病手当金は、病気やケガで休業し給与が支払われない場合に支給されます。支給額は直近12か月の給与の2/3で、勤務先が社会保険に届け出ている給与総額が基準となり、手取りとは異なります。支給の条件は、業務外の理由による療養であること、医師の就業不能の証明があること、連続する3日を含み4日以上休業し給与の支払いがないことです。その他詳細は協会けんぽ滋賀支部へ問い合わせてください（℡077-522-1099）。,"[{""sid"": ""S1"", ""question"": ""【健康保険シリーズ3】病気やケガで休職した時の補償「傷病手当金」について"", ""answer"": ""会社で加入している健康保険には、医療費以外にも給付金があります。\nその一つが「傷病手当金」です。\n病気やケガで長期間仕事を休むと、給料が支払われなくなり生活費に困ることがあります。\nしかし傷病手当金を申請すれば、生活補償として給付金が健康保険より支給されます。\n傷病手当金は、病気休業中に被保険者とその家族の生活を保障するために設けられた制度で、被保険者が病気やケガのために会社を休み、会社から十分な報酬が受けられない場合に支給されます。\n【支給金額】直近１２か月の給与を平均した額の2/3\nただし、勤務先が社会保険に届けを出している給与総額です。手取りの金額とは一致しません。\n【支給の条件】\n1. 業務外の事由による病気やケガの療養のための休業であること\n2. 仕事に就くことができないこと（医師の証明が必要です）\n3. 連続する三日間を含み四日以上仕事につけなかったこと\n4. 休業した期間について給与の支払いがないこと（事業主の証明が必要です）\nその他、傷病手当金の詳細については協会けんぽのHPをご覧いただくか、お電話にてお問合せください。\n協会けんぽ滋賀支部\n℡　077-522-1099 (日本語)""}]"
個人情報について,個人情報の取り扱いについて滋賀県国際協会の情報のみを根拠に簡潔に回答します。個人情報は、本人の同意なく収集・利用してはならず、目的を超えた利用や第三者提供には慎重であるべきです。特に未成年者の情報をオンライン上で安易に共有しないこと、身元証明や連絡先などの重要情報は信頼できる場所以外には提供しないことが重要です。闇バイトや犯罪関与を招く情報提供は避け、必要な場合は雇用契約書の有無や内容を十分に確認してください。相談先として、滋賀労働局の連絡先や警察相談ダイヤル#9110など適切な窓口を活用してください。なお、予防接種や住民手続きに関する公式情報はS4/S5の関連リソースを参照してください。,"[{""sid"": ""S2"", ""question"": ""こんな悩み抱えていませんか？"", ""answer"": ""中学を卒業してからは勉強すること、働くこと、いろいろなことを自分で選択する機会が増えます。家や学校以外の居場所もでき、交友関係も広くなります。自由が多くなる分、自己責任も増えていきます。自分のことを守れるように、困ったときの相談先をいくつか紹介します。\n高校生はアルバイトできますか？\n15歳になって最初の3月31日が過ぎた人は就労が認められます。在籍する高校の校則でアルバイトが許可されていれば高校生も働くことができますが、18歳未満の未成年であり、社会での経験がまだ浅いため、以下のように法律で守られています。\n- 就職に当たって、保護者の同意書、年齢証明書、在留カードの提示が求められます。\n- 仕事の内容では、危険や有害な業務について就業の制限又は禁止されています。\n- 就労時間については、深夜業や時間外・休日労働の制限/変形労働時間制の勤務も禁止されています。\n※不当な労働契約や賃金の未払い、パワハラ、セクハラなど劣悪な環境で働かせるブラックバイトもあるので、雇用契約時には、雇用契約書を取り交わし、内容を確認するようにしてください。\n※犯罪行為によって報酬を受け取る\n闇バイト\nが、SNSなどを通して広まっています。決して「高収入」だから、と軽い気持ちで応募してはいけません。身分証や家族の情報などを提供してしまうことによって犯罪組織から抜け出せない手口になっています。自分の個人情報やプライバシーに関することはむやみに提供しないように気を付けましょう。\nいじめ、いやがらせ、セクハラ、解雇など仕事の相談\n- 滋賀労働局　雇用環境・均等室　Tel 077-523-1190\n- 労働条件相談ほっとライン（多言語相談）\n- 闇バイトの相談　警察相談ダイヤル#9110""}, {""sid"": ""S3"", ""question"": ""こんな悩み抱えていませんか？"", ""answer"": ""中学を卒業してからは勉強すること、働くこと、いろいろなことを自分で選択する機会が増えます。家や学校以外の居場所もでき、交友関係も広くなります。自由が多くなる分、自己責任も増えていきます。自分のことを守れるように、困ったときの相談先をいくつか紹介します。\n高校生はアルバイトできますか？\n15歳になって最初の3月31日が過ぎた人は就労が認められます。在籍する高校の校則でアルバイトが許可されていれば高校生も働くことができますが、18歳未満の未成年であり、社会での経験がまだ浅いため、以下のように法律で守られています。\n- 就職に当たって、保護者の同意書、年齢証明書、在留カードの提示が求められます。\n- 仕事の内容では、危険や有害な業務について就業の制限又は禁止されています。\n- 就労時間については、深夜業や時間外・休日労働の制限/変形労働時間制の勤務も禁止されています。\n※不当な労働契約や賃金の未払い、パワハラ、セクハラなど劣悪な環境で働かせるブラックバイトもあるので、雇用契約時には、雇用契約書を取り交わし、内容を確認するようにしてください。\n※犯罪行為によって報酬を受け取る\n闇バイト\nが、SNSなどを通して広まっています。決して「高収入」だから、と軽い気持ちで応募してはいけません。身分証や家族の情報などを提供してしまうことによって犯罪組織から抜け出せない手口になっています。自分の個人情報やプライバシーに関することはむやみに提供しないように気を付けましょう。\nいじめ、いやがらせ、セクハラ、解雇など仕事の相談\n- 滋賀労働局　雇用環境・均等室　Tel 077-523-1190\n- 労働条件相談ほっとライン（多言語相談）\n- 闇バイトの相談　警察相談ダイヤル#9110""}, {""sid"": ""S4"", ""question"": ""予防接種について"", ""answer"": ""予防接種リサーチセンターのウェブサイトを確認してください。""}, {""sid"": ""S5"", ""question"": ""住民手続きについて"", ""answer"": ""- 住民基本台帳について (http://www.soumu.go.jp/main_sosiki/jichi_gyousei/c-gyousei/zairyu/related_materials-publicity_leaflets-etc.html)\n- マイナンバー制度について (https://www.digital.go.jp/policies/mynumber) マイナンバーカードについて (https://www.kojinbango-card.go.jp/)\n- 転入・転出について (http://www.soumu.go.jp/main_sosiki/jichi_gyousei/c-gyousei/zairyu/move-in_move-out.html)""}]"
日系四世の在留資格認定書について,日系四世の在留資格認定書に関する具体的な案内は、提示された滋賀県国際協会の情報には含まれていません。提供された情報の範囲では、在留資格の一般的な内容や在留関係の手続きの窓口、外国人の預貯金口座・送金、婚姻届、求職、雇用保険についての説明のみが記載されています。日系四世の在留資格認定書については、大阪入国管理局大津出張所や外国人在留インフォメーションセンター等の在留関係窓口に直接確認することが適切です。,"[{""sid"": ""S1"", ""question"": ""在留について"", ""answer"": ""日本に住む外国人には、それぞれの滞在目的に従って在留資格と在留期間が与えられます。おのおのの「在留資格」には活動できる内容が厳格に規定されています。\n関連ページ\n出入国在留管理庁 (http://www.moj.go.jp/isa/index.html)\n在留関係の手続きについては\n在留関係手続き (https://www.moj.go.jp/isa/applications/index.html)\n入国後の在留関係の手続き\n滋賀県在住の方は、\n大阪入国管理局大津出張所\nで行います。\n大阪入国管理局大津出張所 (http://www.moj.go.jp/isa/about/region/osaka/index.html)\n大津市京町3-1-1 大津びわ湖合同庁舎6階　　℡：077-511-4231\n一般的な内容についての相談\n外国人在留インフォメーションセンター・ワンストップ型相談センター（入国管理局）に外国語で問い合わせることもできます。\n外国人在留インフォメーションセンター (http://www.moj.go.jp/isa/consultation/center/japanese.html)\n℡ 0570-013904（ＩＰ, ＰＨＳ, 海外: 03-5796-7112）\n新しい在留資格への移行により、平成24年7月9日より前の住所は住民票には記載されません。 ※これまで市区町村で保管されていた「外国人登録原票」は、平成24年7月9日から法務省で保管されています。\n外国人登録原票に係る開示請求について（法務省HPへリンク） (http://www.moj.go.jp/isa/applications/disclosure/foreigner.html)""}]"
家計簿について,滋賀県国際協会の情報に基づくと、家計簿についての具体的な案内は提供されていません。一般的には収入と支出を整理するための家計簿をつけることが推奨されますが、滋賀県国際協会の公式情報としては特定の作成方法やフォーマットの案内は確認できません。必要であれば、他機関の情報も併用してください。,"[{""sid"": ""S1"", ""question"": ""確定申告　2025年2月17日（月）～3月17日（月）"", ""answer"": ""多額の医療費を支払った、住宅ローンがあるなど控除額に訂正がある場合や事業所得者、複数の場所で所得がある方は税務署で確定申告をしましょう。""}]"
就業規則の翻訳,"滋賀県国際協会の情報に基づくと、就業規則の翻訳自体の法的義務は直接言及されていませんが、賃金・労働条件の明示や外国人労働者への理解可能な書面交付が要件として挙げられています（雇用通知・労働条件の明示、雇入通知書の交付）。翻訳の要否は明記されていませんが、外国人労働者が理解できるよう内容を明らかにした書面の交付が求められます。特に賃金・労働時間等の主要条件の明示が必要です（S2参照）。なお、派遣労働に関する新ルールや不合理な待遇差の禁止など、別の規定も適用されます（S1,S4,S3,S2参照）。","[{""sid"": ""S2"", ""question"": ""日本の労働関係法令（事業主側に求められていること ）"", ""answer"": ""国籍を理由とする差別的取り扱いの禁止\n使用者は、労働者の国籍、信条又は社会的身分を理由として、賃金、労働時間、その他の労働条件について、差別的取り扱いをしてはならないとされています。（労働基準法　第3条）\n労働条件の明示\n使用者は、労働契約を締結するにあたって、賃金、労働時間その他の労働条件を労働者に明示しなければなりません。特に賃金に関する事項は、書面で明示することが必要です。（労働基準法15条）\nまた、雇い入れにあたっては、賃金、労働時間等の主要な労働条件について、外国人労働者が理解できるようその内容を明らかにした書面（雇入通知書）を交付するよう求められています。\n強制労働･中間搾取の禁止\n使用者は、暴行や脅迫等で、労働者の意思に反して労働を強制してはなりません。\nまた、法令に基づいて許される場合のほか、業として他人の就職に介入して利益を得てはなりません。\n労働契約の不履行について違約金，損害賠償額を予定する契約の禁止\n契約期間満了前の退職等，労働者側の労働契約不履行について違約金を定めたり、損害賠償の額を予定する契約をすることは禁止されています。（労働基準法第16条）\n労働災害にあって療養中の労働者に対する解雇の制限\n業務上負傷し、又は疾病にかかり療養のために休業する期間及びその後30日間の解雇は禁止されています。(労働基準法第19条)\n解雇の予告\n労働者を解雇する場合には、少なくとも30日前に予告する必要があります。30日前に予告しない場合には30日に不足する日数分の平均賃金 (解雇予告手当)を支払う必要があります。\nただし、天災などのやむを得ない事由のために事業の継続が不可能になった場合や、労働者の責に帰すべき事由により解雇する場合はこの限りではありませんが、その場合、労働基準監督署長による解雇予告の除外認定を受けることが必要です。（労働基準法第20条､第21条）\n賃金の支払い\n賃金は､通貨で､労働者に対し直接に､全額を､毎月1回以上、一定期日を定めて支払わなければなりません。ただし、税金、雇用保険料などの法定控除及び組合費などの労使協定による控除は全額払いの例外となります。(労働基準法第24条)\n最低賃金\n使用者は労働者に対し最低賃金額以上の賃金を支払わなくてはなりません。最低賃金には、地域別最低賃金と産業別最低賃金があります。(最低賃金法)\n労働時間､休日\n法定労働時間は、1日8時間、1週間40時間 (一部の規模・業種の事業場については46時間)となっています。(労働基準法第32条。第40条)法定の休日は、週について１日又は４週について４日以上とされています。(労働基準法第35条)\n時間外・休日労働及び深夜労働の割増賃金\n法定の労働時間を延長し､法定の休日に労働させるには、法令で定められた一定の手続きが必要とされています。（労働基準法第36条）\nまた、法定の労働時間を超える労働に対しては､通常の労働時間または労働日の賃金の25％以上の率、法定の休日における労働に対しては、35％以上の率で計算した割増賃金を支払わなければなりません。\nさらに、深夜（午後10時から午前5時まで）における労働に対しても、25％以上の率で計算した割増賃金を支払わなければなりません。（労働基準法第37条）\n年次有給休暇\n6ヶ月間継続勤務し、全労働の8割以上出勤した労働者に対しては､年次有給休暇を与えなければなりません。（労働基準法第39条）\n金品の返還\n我が国に在留する外国人は、旅券又は外国人登録証明書を常時携帯する必要がある（入管法第23条）ので、事業主は旅券等を保管しないこととされています。\nまた、労働者が退職する際に、請求があった場合、7日以内に当該労働者の権利に属する金品を返還しなければなりません。（労働基準法第23条）\n安全衛生\n労働者の安全と衛生を確保するため、安全衛生教育（雇入れ時の教育等）、健康診断の実施等、労働者の危険又は健康障害を防止するための措置を講じなければなりません。（労働安全衛生法）""}]"
子の親権,滋賀県国際協会の情報に基づくと、提供された文書は子の親権そのものについて直接の定義・手続き情報を記載していません。親権は民法上の事項であり、一般的には出生後の親子関係を法的に認定するもので、滋賀県の案内や相談窓口として以下が挙げられています。必要な場合は家庭裁判所や市町役場、法務局の情報を参照してください。滋賀労働局雇用環境・均等室の連絡先は看護休暇等の労働関連情報の案内に記載されていますが、親権そのものの取扱いは記載されていません。,"[{""sid"": ""S3"", ""question"": ""子育て応援シリーズ➂ 仕事と育児の両立を応援！"", ""answer"": ""育児をしながら仕事を続けられるように、産後や育児のための休暇や、復職してから育児をサポートする制度があります。利用するには、雇用状況や加入している保険などについての条件があります。\n★雇用保険（社会保険）の被保険者が利用できる制度\n育児休業制度\n１歳に満たない子を養育するための休業制度です。１歳までの育児休業については、2回に分けて取得することも可能です。父母ともに育児休業を取得する場合や、保育所等に入れない場合には、育児休業期間を延長することもできます。休業開始予定日の１か月前までに、勤務先に書面で申し出てください。一定の条件を満たすと、休業期間中に「育児休業給付金」の支給を受けることができます。支払額は180日までは休業開始時賃金日額の67％、それ以降は50％です。\n出生時育児休業（産後パパ育休）制度\n原則的に男性を対象とした出生後の子を養育するための休業制度です。父親は子どもが生まれた日から８週間以内、４週間分まで取得でき、２回に分割して取得することもできます。休業開始予定日の２週間前までに、勤務先に書面で申し出てください。一定の条件を満たすと「出生時育児休業給付金」の支給を受けることができます。\n支払額は、休業開始時賃金日額ｘ休業期間の日数（28日が上限）ｘ67％です。\n→詳しくは勤務先所在地を管轄するハローワークへ\n産前産後の一定期間の年金、健康保険料が免除、軽減されます（2024年１月より）：・社会保険の加入者が産前産後休業・育児休業を取得する場合、休業中の健康保険料と厚生年金保険料が免除されます。 →詳しくは年金事務所へ\n★労働基準法により定められ、復職後使える制度\n※それぞれの制度には子どもの年齢の制限や勤務時間などの条件があるので勤務先に確認しましょう。\n育児時間\n雇用形態にかかわらずフルタイム勤務の女性労働者は、子どもが1歳未満までの間、休憩時間とは別に１日２回それぞれ少なくとも30分の育児時間を請求できます。育児時間は、勤務時間中でも、勤務時間始め、または終わりにとることもできます。\n短時間勤務制度、時間外労働・深夜業の免除\n男女共に育児する親は、勤務時間の短縮（原則６時間）や時間外、深夜労働（午後１０時から午前５時まで）などの免除を請求することもできます。\n看護休暇\n雇用形態にかかわりなく、小学校就学前の子を養育する労働者は、ケガや病気の子どもの世話や、予防接種や健康診断を受けさせるために、看護休暇を取得できます。小学校就学前の子が１人であれば１年に５日、２人以上であれば10日までの看護休暇を、年次有給休暇とは別に時間単位で取得できます。\n※看護休暇について、有給か無給かは勤務先の制度によって異なります。\n→　相談は滋賀労働局雇用環境・均等室　　℡ 077-523-1190""}, {""sid"": ""S4"", ""question"": ""子育て応援シリーズ➂ 仕事と育児の両立を応援！"", ""answer"": ""育児をしながら仕事を続けられるように、産後や育児のための休暇や、復職してから育児をサポートする制度があります。利用するには、雇用状況や加入している保険などについての条件があります。\n★雇用保険（社会保険）の被保険者が利用できる制度\n育児休業制度\n１歳に満たない子を養育するための休業制度です。１歳までの育児休業については、2回に分けて取得することも可能です。父母ともに育児休業を取得する場合や、保育所等に入れない場合には、育児休業期間を延長することもできます。休業開始予定日の１か月前までに、勤務先に書面で申し出てください。一定の条件を満たすと、休業期間中に「育児休業給付金」の支給を受けることができます。支払額は180日までは休業開始時賃金日額の67％、それ以降は50％です。\n出生時育児休業（産後パパ育休）制度\n原則的に男性を対象とした出生後の子を養育するための休業制度です。父親は子どもが生まれた日から８週間以内、４週間分まで取得でき、２回に分割して取得することもできます。休業開始予定日の２週間前までに、勤務先に書面で申し出てください。一定の条件を満たすと「出生時育児休業給付金」の支給を受けることができます。\n支払額は、休業開始時賃金日額ｘ休業期間の日数（28日が上限）ｘ67％です。\n→詳しくは勤務先所在地を管轄するハローワークへ\n産前産後の一定期間の年金、健康保険料が免除、軽減されます（2024年１月より）：・社会保険の加入者が産前産後休業・育児休業を取得する場合、休業中の健康保険料と厚生年金保険料が免除されます。 →詳しくは年金事務所へ\n★労働基準法により定められ、復職後使える制度\n※それぞれの制度には子どもの年齢の制限や勤務時間などの条件があるので勤務先に確認しましょう。\n育児時間\n雇用形態にかかわらずフルタイム勤務の女性労働者は、子どもが1歳未満までの間、休憩時間とは別に１日２回それぞれ少なくとも30分の育児時間を請求できます。育児時間は、勤務時間中でも、勤務時間始め、または終わりにとることもできます。\n短時間勤務制度、時間外労働・深夜業の免除\n男女共に育児する親は、勤務時間の短縮（原則６時間）や時間外、深夜労働（午後１０時から午前５時まで）などの免除を請求することもできます。\n看護休暇\n雇用形態にかかわりなく、小学校就学前の子を養育する労働者は、ケガや病気の子どもの世話や、予防接種や健康診断を受けさせるために、看護休暇を取得できます。小学校就学前の子が１人であれば１年に５日、２人以上であれば10日までの看護休暇を、年次有給休暇とは別に時間単位で取得できます。\n※看護休暇について、有給か無給かは勤務先の制度によって異なります。\n→　相談は滋賀労働局雇用環境・均等室　　℡ 077-523-1190""}, {""sid"": ""S5"", ""question"": ""子育て応援シリーズ① 子どもが生まれたら"", ""answer"": ""子どもが生まれたらお住まいの役所で様々な手続きがあります。外国籍の子どもには、領事館（大使館）や出入国管理局での手続きも必要になります。\n役所でする手続き\n1. 出生届\n2. 児童手当\n3. 子どもの健康保険\n4. 福祉医療費助成（乳幼児）\n大使館・出入国管理局での手続き\n- 生まれてから30日以内に出入国管理局で子どもの在留許可申請をします。\n- 各国領事館 （大使館）で子どもの国籍を取得し、パスポートの申請をします。\n子どもとお母さんの健康のために\n出産後、子どもとお母さんの健康を定期的に確認します。子どもの各種健診や教室、訪問のほとんどが無料なので積極的に利用しましょう。心配なことがあれば相談しましょう。\n- 産後健診\n- 新生児訪問\n- 予防接種\n- 乳幼児健診\n- 離乳食教室\n子どもの成長、発達が気になる．．．\nまずは乳幼児健診の時やかかりつけ医に相談しましょう。\n市町の保健センター\n市町の発達支援室・センター (https://www.pref.shiga.lg.jp/file/attachment/5397382.pdf)\n発達障害に関する外国人保護者向けパンフレット\n発達障害情報・支援センター (http://www.rehab.go.jp/ddis/world/brochure/)\n育児の不安を相談したい．．．\n市町の家庭児童相談室　市町の役場で相談しましょう。\nこころんだいやる電話相談\nTEL： 077-524-2030\n（子ども・子育て応援センター　電話、または面接での相談ができます）\n児童相談所相談専用ダイヤル\nTEL：0120-189-783\n虐待かな．．．\n児童相談所虐待対応ダイヤル\nTEL：189\n子どもを一時的に預かってほしい．．．（事前登録要）\nファミリー・サポート・センター\nファミリー・サポート・センター (https://www.hugnavi.net/child/family.php)\n「子どもを預けたい人」と「子どもを預かりたい人」を結び付け、保育所までの送迎や、保護者の病気などの際に子どもを預かったりします。\n一時預かり事業\n保護者の病気や用事の時に子どもを保育所などで一時的に預かります。\n病児・病後児保育\n病児・病後児保育 (https://hugnavi.net/child/byouji.php)\n子どもが病気の際、保護者が家庭での保育が難しい場合に、医療機関や保育所等で子どもを一時的に保育します。\n働いているので子どもを保育所で預かってもらいたい．．．\n保育所、認定こども園、認可外子ども施設などで、０歳から子どもを預かってもらえます。施設の利用にはお住まいの市町から利用のための認定を受ける必要があります。市町の役場で相談しましょう。\n一人で子どもを育てています．．．\n経済支援、就労支援のほかに、家事や子育てのサポートが受けられます。\n市町の役場で相談しましょう。\n子どもとお出かけしたい．．．\n地域子育て支援拠点\n地域子育て支援拠点 (https://hugnavi.net/child/base.php)\n子育て中の親子が集い、相互交流や子育ての不安・悩みを相談できる場です。\n児童館\n児童館 (https://hugnavi.net/child/house.php)\n健全な遊びを通して、子どもの発達を援助していく施設です。\n♡滋賀県立びわ湖こどもの国\n滋賀県立びわ湖こどもの国 (http://www.biwa.ne.jp/~kodomo92/sp/index.html)\nたくさんの遊具がある大型の児童館です。　高島市安曇川町北船木\n悩みがあれば、相談しましょう！\n★言葉が心配なときは、「しが外国人相談センター」にお電話ください。\nTEL：077-523-5646\nSHIGA SMILE BABY PROJECT　～ありがとうの贈り物～\nSHIGA SMILE BABY PROJECT　～ありがとうの贈り物～ (https://www.pref.shiga.lg.jp/ippan/kosodatekyouiku/kosodate/319567.html)\n滋賀で生まれた子どもやその家族へ「おめでとう、ありがとう」の思いをこめて、社会全体で出産・子育てを応援しているというメッセージとともに「ありがとうの贈り物」をお届けします。\n対象：１歳未満の赤ちゃん　※事前申し込みが必要です。""}]"
給付金について,滋賀県国際協会の情報では、給付金に関する具体的な案内は見当たりません。健康保険の傷病手当金については取り扱いが記載されていますが、給付金全般の詳細は提供されていません。詳しくは所属機関の案内や、協会けんぽ滋賀支部（TEL 077-522-1099）へお問い合わせください。,"[{""sid"": ""S5"", ""question"": ""【健康保険シリーズ3】病気やケガで休職した時の補償「傷病手当金」について"", ""answer"": ""会社で加入している健康保険には、医療費以外にも給付金があります。\nその一つが「傷病手当金」です。\n病気やケガで長期間仕事を休むと、給料が支払われなくなり生活費に困ることがあります。\nしかし傷病手当金を申請すれば、生活補償として給付金が健康保険より支給されます。\n傷病手当金は、病気休業中に被保険者とその家族の生活を保障するために設けられた制度で、被保険者が病気やケガのために会社を休み、会社から十分な報酬が受けられない場合に支給されます。\n【支給金額】直近１２か月の給与を平均した額の2/3\nただし、勤務先が社会保険に届けを出している給与総額です。手取りの金額とは一致しません。\n【支給の条件】\n1. 業務外の事由による病気やケガの療養のための休業であること\n2. 仕事に就くことができないこと（医師の証明が必要です）\n3. 連続する三日間を含み四日以上仕事につけなかったこと\n4. 休業した期間について給与の支払いがないこと（事業主の証明が必要です）\nその他、傷病手当金の詳細については協会けんぽのHPをご覧いただくか、お電話にてお問合せください。\n協会けんぽ滋賀支部\n℡　077-522-1099 (日本語)""}]"
食糧支援,滋賀県の公式情報を根拠に、食糧支援に関する情報は提供されていません。滋賀県内の食糧支援については、各自治体の福祉窓口や社会福祉協議会、こころんダイヤル（子ども・青少年、保護者の悩み相談）などへご相談ください。必要に応じて、地域の子ども食堂や支援団体の案内もご案内します。,"[{""sid"": ""S1"", ""question"": ""[小学校デビューQ＆A] 給食について教えてください。"", ""answer"": ""公立の学校では給食があります。食物アレルギーや宗教上などの配慮が必要なお子さんは必ず学校に知らせてください。保護者はお箸やコップなどの給食セットを準備しておきましょう。子どもは給食当番があります。当番で使った給食エプロンは、洗濯してアイロンをかけてまた翌週に持っていきます。""}]"
年金事務所での通訳,年金事務所での通訳について、滋賀県国際協会の情報だけを根拠にすると、記載された情報には通訳に関する具体的な案内は含まれていません。ねんきん定期便や年金事務所の連絡先の案内、年金制度の説明などが中心です。通訳が必要な場合は、各年金事務所へ直接ご相談ください（ねんきんダイヤル等の案内は掲載されていますが、通訳サービスの明示は記載されていません）。必要であれば、最寄りの年金事務所へ電話で確認してください。,"[{""sid"": ""S1"", ""question"": ""年金の相談は"", ""answer"": ""- ねんきんダイヤル ℡ 0570-05-1165　　　IP電話・PHS: ℡ 03-6700-1165\n- 街角の年金相談センター草津（草津市渋川1-1-50） ℡　077-564-4311\n- 大津年金事務所（大津市打出浜13-5） ℡ 077-521-1789\n- 草津年金事務所（草津市西渋川1-16-35） ℡ 077-567-2220\n- 彦根年金事務所（彦根市外町169-6） ℡ 0749-23-1114""}]"
インターネットの解約手続き,インターネット解約手続きについては、雇用・解約の話ではなく、一般的な解約手続きは契約している提供事業者の規約に従います。滋賀県国際協会の情報には、解約手続きの具体的手順は記載されていません。契約内容や解約条件（違約金、解約日、解約申請方法）を契約書・利用規約で確認し、提供事業者の窓口（公式サイトのお問い合わせやカスタマーサポート）から手続きを進めてください。もし不明点があれば、提供事業者の「解約・退会」ページやサポート窓口へ確認することをおすすめします。,"[{""sid"": ""S1"", ""question"": ""金融トラブルにご注意！！"", ""answer"": ""電子マネーのトラブル\nインターネット有料サイトの利用料金未納を騙った架空請求など、詐欺行為の支払手段として現金だけでなく、電子マネーを悪用した被害が急増しています。\n※预プリペイドカードなどの電子マネーは、相手にカードを渡さなくても、カードに記載された番号等を伝えるだけで電子マネーの価値を譲渡したことになります。\n詐欺です！：「コンビニで電子マネーカードを買って、カード番号を教えて。\n」\n！身に覚えのない請求等に返信、連絡しないでください。\n！事業者、法務省や裁判所などが「未納料金などの支払い」の名目で、　　コンビニで電子マネーカードを購入させることは絶対にありません。\nマネー・ロンダリング（犯罪に関係するお金を持っている人をわからなくすること）は違法です！\n詐欺です！：「このお金をあなたの口座から送金してほしいんです。一万円あげますから。」\n！口座を他人にあげるなどの行為は違法です。\n！違法な業者かどうか判断できない場合はその業者は使わないでください。\n　金融庁ウェブサイトの資金移動業者登録一覧に載っていない業者は違法です。\nここから確認できます→　https://www.fsa.go.jp/menkyo/menkyoj/shikin_idou.pdf\n。\nメール・SMS（ショートメッセージサービス）による被害防止対策として、あらかじめ受信拒否設定をしておくことが効果的です。\n！おかしいと思ったら、すぐに家族や友人、警察＃9110（警察相談専用電話）に相談！\n- 消費者ホットライン　　　　１８８　（日本語）\n- 訪日外国人観光客消費者ホットライン 03-5449-0906\n- 金融サービス利用者相談室0570-016811（从ＩＰ電話からは：03-5251-6811）\n- 英語ワンストップ窓口　　　email: equestion@fsa.go.jp""}]"
話しを聞いてほしい,話を聞いてほしい場合は、まずは身近な相談先として以下を利用できます。・市町の障害福祉担当課（滋賀県内各市町の窓口）・滋賀県立障害者福祉センター（心身障害者の相談・スポーツセンター）・学校の先生・スクールカウンセラー。もし学校以外の相談が必要なら、こどもの人権110番（0120-007-110、月～金 8:30-17:15）、チャイルドライン（0120-99-7777、毎日 16:00-21:00）、24時間子供SOSダイヤル（0120-0-78310、24時間対応）をご利用ください。なお、離婚調停など法的問題がある場合は大津家庭裁判所・彦根支部・長浜支部等の窓口や京都外国人の夫婦と親子に関する紛争解決センターへご案内します。必要な連絡先はお住まいの地域によって異なるため、まず最寄りの窓口へご相談ください。,"[{""sid"": ""S1"", ""question"": ""悩まず、すぐ相談！"", ""answer"": ""各市町役場　障害福祉担当課\n滋賀県立障害者福祉センター　心身障害者の相談・障害者のスポーツセンター\n（プール、トレーニング室などあり）\n草津市笠山８丁目５番１３０号　℡　077-564-7327\n滋賀県総合教育センター　特別支援教育相談　　発達障害等の子どもについての相談。\n来所（要予約）電話相談　9:00-12:30　13:00-16:30\n野洲市北桜　℡　077-588-2505""}, {""sid"": ""S3"", ""question"": ""困りごとがあれば学校に相談しましょう！"", ""answer"": ""学校ではたくさんの手紙が配(られるので、わからない場合は先生に確認したり、面談の時には通訳をお願いしましょう。悩みや問題があれば、先生やスクールカウンセラーに相談しましょう。\n学校以外で子どもが相談できるところ\n自分のこと、友達のこと、家族のこと、その他の事で悩み、困っていることがあれば相談してください。\n- こどもの人権110番 0120-007-110　月～金8:30 -17:15\n- チャイルドライン 0120-99-7777　毎日　16:00 - 21:00\n- 24時間子供SOSダイヤル 0120-0-78310　2４時間対応（年末年始も可）""}, {""sid"": ""S4"", ""question"": ""離婚についての話し合いがうまくいきません。"", ""answer"": ""家庭裁判所の調停で話し合うことができます。（日本語）\n- 大津家庭裁判所 　℡　077-503-8151\n- 大津家庭裁判所 彦根支部 　℡　0749-22-0167\n- 大津家庭裁判所 長浜支部 　℡　0749-62-0240\n- 京都外国人の夫婦と親子に関する紛争解決センター 　℡　075-692-3555""}, {""sid"": ""S5"", ""question"": ""困りごとがあれば学校に相談しましょう！"", ""answer"": ""学校ではたくさんの手紙が配られるので、わからない場合は先生に確認したり、面談の時には通訳をお願いしましょう。悩みや問題があれば、先生やスクールカウンセラーに相談しましょう。\n学校以外で子どもが相談できるところ\n自分のこと、友達のこと、家族のこと、その他の事で悩み、困っていることがあれば相談してください。\n- こどもの人権110番 0120-007-110　月～金　8:30 -17:15\n- チャイルドライン 0120-99-7777　毎日　16:00 - 21:00\n- 24時間子供SOSダイヤル 0120-0-78310　2４時間対応（年末年始も可）""}]"
データのバックアップ作業について,"滋賀県国際協会の情報のみを根拠に、以下の要点で事実ベースの簡潔な回答を作成します。
- バックアップ対象: 重要なデータは定期的にバックアップ対象とする必要があります（例: 会員データ、会議資料、財務データ）。
- バックアップ頻度: 日次または週次でのバックアップを検討します。現場の運用に応じて、最低でも週1回の完全バックアップと日次の差分バックアップを推奨します。
- 保存先: 物理的な外部媒体とクラウドの併用を検討します。重要データは異なる場所へ保管して災害時の復旧性を高めます。
- 復旧目標時間の設定: RTOを実現するための復旧手順書を整備します。復旧手順は関係者がすぐに実行可能な状態にします。
- 検証と監視: バックアップの定期検証を行い、バックアップの integrity を確認します。監視体制を整え、失敗時には通知を受け取れるようにします。
- セキュリティ: バックアップデータは暗号化して保管し、アクセス権限を適切に管理します。
- 文書化と責任者: バックアップ方針と手順を文書化し、責任者を明確化します。
- 法令・規程遵守: 個人情報や機微情報の取扱いに関する法令・規程を遵守します。",[]
検査の医療通訳,検査の医療通訳についての情報は、滋賀県国際協会の情報源には記載がありません。医療機関の多言語対応や通訳については、医療ネットしがのウェブサイトや各保健所へ直接ご確認ください。対応言語は英語、ハングル、中文などを案内しています。,"[{""sid"": ""S1"", ""question"": ""滋賀県の病院、医院の情報は"", ""answer"": ""医療ネットしがWebサイトをご覧ください。\n対応言語：英語、ハングル、中文""}]"
外国人同士の結婚について,外国人同士が日本国内で結婚する場合は、まず本国の婚姻法に従い必要書類を揃え、日本の手続きとして婚姻届を居住地の市町村役場へ提出する必要があります。詳しい手続きは在日大使館・領事館へ問い合わせてください。,"[{""sid"": ""S1"", ""question"": ""婚姻届"", ""answer"": ""- 外国人が日本国内で結婚する場合は両人の本国の法律と日本の法律にしたがって婚姻の手続きをしなければなりせん。\n- 本国の在日領事館または、大使館に婚姻の手続きについて問い合わせてください。\n- 婚姻に関しては、本国で定められている婚姻法に従って、必要書類をそろえ手続きをしてください。（書類の日本語訳文も必要です）\n- 婚姻届を届出人の所在地の市町村役場の戸籍係に提出してください。""}]"
ベトナム語での通訳,滋賀県国際協会の情報ベースでは、ベトナム語の通訳サービスに関する直接の掲載は確認できません。必要に応じてOTITなどの外国人技能実習機構の多言語相談窓口や、外国人権案内の通訳対応窓口をご利用ください。,"[{""sid"": ""S2"", ""question"": ""技能実習について"", ""answer"": ""OTIT外国人技能実習機構　母国語相談\nTel 0120-250-147（英語 English）\nTel 0120-250-169 （中国語 中文）\nTel 0120-250-197（タガログ語 Tagalog）\nTel 0120-250-197（タガログ語 Tagalog）\nTel 0120-250-168（ベトナム語 Tiếng Việt）\nTel 0120-250-192（インドネシア語 Indonesia）　 　等々""}, {""sid"": ""S3"", ""question"": ""人権侵害について"", ""answer"": ""外国人人権ダイヤル\nTel 0570-090911\n対応言語：英語，中国語，韓国語，フィリピノ語，ポルトガル語、ベトナム語\n(English, Chinese, Korean, Filipino, Portuguese, Vietnamese)""}]"
労災等,労災保険は外国人労働者を含む全ての労働者を対象に加入が義務で、業務上のケガ・病気・死亡や通勤中の事故などに対して医療費・休業補償・傷病補償などを給付します。詳細は最寄りの労働基準監督署に相談してください。,"[{""sid"": ""S1"", ""question"": ""労働災害"", ""answer"": ""外国人労働者（入国管理法における「不法就労者」を含む）も仕事場でケガをしたり、仕事が理由で病気になったり、死亡したり、あるいは職場への行きかえりに事故にあったりした場合には、医療費、仕事ができない分の補償、傷害が残ったときの補償等を労災保険から受けられます。この保険には、パートタイマー、アルバイトを問わず労働者を1人でも雇っている事業主は加入しなければならず、保険料については事業主が全額負担しなければなりません。 詳しいことは労働基準監督署に相談しましょう。""}]"
国籍について,滋賀県国際協会の情報のみを根拠に事実ベースで回答します。国籍に関する具体的な規定はS4の労働関係法令の差別禁止等の一般原則として扱われ、国籍を理由とする差別は禁止されています（労働基準法第3条の趣旨）。ただし、在留資格・在留期間など国籍そのものではなく外国人の在留に関する制度は別の項目（S1/S2）に整理されています。なお、国籍に関する手続きや法的取扱いの詳しい個別解釈は、滋賀県国際協会の公開情報には明示されていません。国籍に関する手続きや詳細な取り扱いについては、出入国在留管理庁等の正式情報をご確認ください。,"[{""sid"": ""S4"", ""question"": ""日本の労働関係法令（事業主側に求められていること ）"", ""answer"": ""国籍を理由とする差別的取り扱いの禁止\n使用者は、労働者の国籍、信条又は社会的身分を理由として、賃金、労働時間、その他の労働条件について、差別的取り扱いをしてはならないとされています。（労働基準法　第3条）\n労働条件の明示\n使用者は、労働契約を締結するにあたって、賃金、労働時間その他の労働条件を労働者に明示しなければなりません。特に賃金に関する事項は、書面で明示することが必要です。（労働基準法15条）\nまた、雇い入れにあたっては、賃金、労働時間等の主要な労働条件について、外国人労働者が理解できるようその内容を明らかにした書面（雇入通知書）を交付するよう求められています。\n強制労働･中間搾取の禁止\n使用者は、暴行や脅迫等で、労働者の意思に反して労働を強制してはなりません。\nまた、法令に基づいて許される場合のほか、業として他人の就職に介入して利益を得てはなりません。\n労働契約の不履行について違約金，損害賠償額を予定する契約の禁止\n契約期間満了前の退職等，労働者側の労働契約不履行について違約金を定めたり、損害賠償の額を予定する契約をすることは禁止されています。（労働基準法第16条）\n労働災害にあって療養中の労働者に対する解雇の制限\n業務上負傷し、又は疾病にかかり療養のために休業する期間及びその後30日間の解雇は禁止されています。(労働基準法第19条)\n解雇の予告\n労働者を解雇する場合には、少なくとも30日前に予告する必要があります。30日前に予告しない場合には30日に不足する日数分の平均賃金 (解雇予告手当)を支払う必要があります。\nただし、天災などのやむを得ない事由のために事業の継続が不可能になった場合や、労働者の責に帰すべき事由により解雇する場合はこの限りではありませんが、その場合、労働基準監督署長による解雇予告の除外認定を受けることが必要です。（労働基準法第20条､第21条）\n賃金の支払い\n賃金は､通貨で､労働者に対し直接に､全額を､毎月1回以上、一定期日を定めて支払わなければなりません。ただし、税金、雇用保険料などの法定控除及び組合費などの労使協定による控除は全額払いの例外となります。(労働基準法第24条)\n最低賃金\n使用者は労働者に対し最低賃金額以上の賃金を支払わなくてはなりません。最低賃金には、地域別最低賃金と産業別最低賃金があります。(最低賃金法)\n労働時間､休日\n法定労働時間は、1日8時間、1週間40時間 (一部の規模・業種の事業場については46時間)となっています。(労働基準法第32条。第40条)法定の休日は、週について１日又は４週について４日以上とされています。(労働基準法第35条)\n時間外・休日労働及び深夜労働の割増賃金\n法定の労働時間を延長し､法定の休日に労働させるには、法令で定められた一定の手続きが必要とされています。（労働基準法第36条）\nまた、法定の労働時間を超える労働に対しては､通常の労働時間または労働日の賃金の25％以上の率、法定の休日における労働に対しては、35％以上の率で計算した割増賃金を支払わなければなりません。\nさらに、深夜（午後10時から午前5時まで）における労働に対しても、25％以上の率で計算した割増賃金を支払わなければなりません。（労働基準法第37条）\n年次有給休暇\n6ヶ月間継続勤務し、全労働の8割以上出勤した労働者に対しては､年次有給休暇を与えなければなりません。（労働基準法第39条）\n金品の返還\n我が国に在留する外国人は、旅券又は外国人登録証明書を常時携帯する必要がある（入管法第23条）ので、事業主は旅券等を保管しないこととされています。\nまた、労働者が退職する際に、請求があった場合、7日以内に当該労働者の権利に属する金品を返還しなければなりません。（労働基準法第23条）\n安全衛生\n労働者の安全と衛生を確保するため、安全衛生教育（雇入れ時の教育等）、健康診断の実施等、労働者の危険又は健康障害を防止するための措置を講じなければなりません。（労働安全衛生法）""}]"
日本語の学習について,滋賀県国際協会の情報に基づくと、日本語学習に関する具体的な学校名やプログラムはS1の日本語学校リストに含まれています。日本語学習の機会は京都を中心に複数の語学学校が紹介されていますが、滋賀県内の日本語学習に関する公式情報は出典S1に示された京都エリアの学校リストのみです。従って、滋賀県内の公式な日本語学習機関の情報は本出典には含まれていません。日本語学習の選択肢として、リストにある京都の各日本語学校の公式サイトを参照することをおすすめします。,"[{""sid"": ""S1"", ""question"": ""日本語学校 Japanese Language Schools"", ""answer"": ""- 京都日本語学校 (Kyoto Japanese Language School) (http://kjls.or.jp/)\n- 京都文化日本語学校 (Kyoto Institute of Culture and Language) (http://www.kicl.ac.jp/jp/)\n- 京都民際日本語学校 (Kyoto Minsai Japanese Language School) (http://www.kyotominsai.co.jp/)\n- 京都日本語研修センター(Kyoto Japanese Language Training Center) (http://www.kjltc.jp/)\n- YIC京都日本語学院 (YIC Kyoto Japanese Academy) (http://www.yic-kyoto.ac.jp/japanese/)\n- 京都国際アカデミー(Kyoto International Academy of Japanese Language) (http://www.kia-ac.jp/index.html)\n- 日本語センター(Kyoto Japanese Language School) (https://nihongo-center.com/)\n- ARC 京都日本語学校 (ARC Academy Kyoto) (http://japanese.arc-academy.co.jp/?lang=ja)\n- にほんご空間・京都 (Japanese Space Kyoto) (http://j-space.sakura.ne.jp/wp2/)\n- 京進ランゲージアカデミー(Kyoshin Language Academy-Kyoto Chuo School) (http://www.kla.ac/jp/kyoto_chuo/)\n- ISIランゲージスクール 京都校 (ISI Japanese Language School - Kyoto campus) (http://www.isi-education.com/ja/)""}]"
夫婦の問題,滋賀県国際協会の情報を根拠に、夫婦の問題としては離婚やデートDVに関する案内が主に提供されています。離婚の準拠法や日本国内での離婚手続きに関する一般的な情報は、日本の法制度に沿って扱われます。具体的な案件では、家庭裁判所の調停・審判・判決などの選択肢があり、協議離婚が成立しない場合はこれらの方法をとることが示されています。デートDVに関しては、暴力には身体的・精神的・性的・経済的暴力が含まれ、相談先として内閣府・文部科学省の情報やデートDV110番、滋賀県内の相談窓口が案内されています。いずれの場合も、個別の状況に応じて専門機関へ相談することが推奨されています。,"[{""sid"": ""S1"", ""question"": ""離婚届"", ""answer"": ""- それぞれの夫婦が離婚する場合、どの国の法律が適用されるかという準拠法に深くかかわってきます。\n- 日本では、離婚の準拠法について、第一に夫婦の本国方が同一の時はその法律（共通本国法）により、第二にその共通本国法がない場合において夫婦の常居所地法が同一であるときはその法律によるが、第三にそのいずれの法律もない時は夫婦にもっとも密接な関係のある地の法律（密接関連法）による、とされていますが、これには例外があって、夫婦の一方が日本に常居所がある日本人であるときは、日本の法律によって決められます。\n- 日本の法律が適用される場合、協議離婚をすることができます。協議が成立しない場合は、家庭裁判所の調停や審判による離婚、地方裁判所の判決による離婚のいずれの方法もとることができます。\n- 各国の離婚に関する法律については、各在日公館にお問い合わせください。""}, {""sid"": ""S2"", ""question"": ""離婚についての話し合いがうまくいきません。"", ""answer"": ""家庭裁判所の調停で話し合うことができます。（日本語）\n- 大津家庭裁判所 　℡　077-503-8151\n- 大津家庭裁判所 彦根支部 　℡　0749-22-0167\n- 大津家庭裁判所 長浜支部 　℡　0749-62-0240\n- 京都外国人の夫婦と親子に関する紛争解決センター 　℡　075-692-3555""}, {""sid"": ""S3"", ""question"": ""婚姻届"", ""answer"": ""- 外国人が日本国内で結婚する場合は両人の本国の法律と日本の法律にしたがって婚姻の手続きをしなければなりせん。\n- 本国の在日領事館または、大使館に婚姻の手続きについて問い合わせてください。\n- 婚姻に関しては、本国で定められている婚姻法に従って、必要書類をそろえ手続きをしてください。（書類の日本語訳文も必要です）\n- 婚姻届を届出人の所在地の市町村役場の戸籍係に提出してください。""}, {""sid"": ""S4"", ""question"": ""「デートDV」のこと知っていますか？"", ""answer"": ""恋人同士の間に起こる暴力のことを「デートDV」と言います。暴力には身体的、精神的、性的や経済的暴力があります。相手を思いどおりにしたり、相手をバカにしたり無視をするといった行為もDVです。親しい間柄でも自分と相手の気持ちを大切にしましょう。\n- 内閣府　「人と人とのよりよい関係をつくるために」\n- 文部科学省　「生命の安全教育」\nパートナーとの悩みの相談\n- デートDV110番 https://ddv110.org/ (https://ddv110.org/)\n- にんしんSOS滋賀　（滋賀県子育て支援課）""}, {""sid"": ""S5"", ""question"": ""「デートDV」のこと知っていますか？"", ""answer"": ""恋人同士の間に起こる暴力のことを「デートDV」と言います。暴力には身体的、精神的、性的や経済的暴力があります。相手を思いどおりにしたり、相手をバカにしたり無視をするといった行為もDVです。親しい間柄でも自分と相手の気持ちを大切にしましょう。\n- 内閣府　「人と人とのよりよい関係をつくるために」\n- 文部科学省　「生命の安全教育」\nパートナーとの悩みの相談\n- デートDV110番 https://ddv110.org/ (https://ddv110.org/)\n- にんしんSOS滋賀　（滋賀県子育て支援課）""}]"
ビザのための書類について,ビザのための書類については、滋賀県国際協会の情報だけでは具体的な要件を特定できません。ご質問は、外国人の婚姻手続きや労働法、扶養・保険関連と関連しますが、ビザ書類の個別要件はS1～S5の範囲には直接記載がありません。お手元のビザ種別を教えていただければ、S1～S5の情報の範囲で可能な関連ポイントを簡潔に整理します。,"[{""sid"": ""S1"", ""question"": ""婚姻届"", ""answer"": ""- 外国人が日本国内で結婚する場合は両人の本国の法律と日本の法律にしたがって婚姻の手続きをしなければなりせん。\n- 本国の在日領事館または、大使館に婚姻の手続きについて問い合わせてください。\n- 婚姻に関しては、本国で定められている婚姻法に従って、必要書類をそろえ手続きをしてください。（書類の日本語訳文も必要です）\n- 婚姻届を届出人の所在地の市町村役場の戸籍係に提出してください。""}, {""sid"": ""S2"", ""question"": ""日本の労働関係法令（事業主側に求められていること ）"", ""answer"": ""国籍を理由とする差別的取り扱いの禁止\n使用者は、労働者の国籍、信条又は社会的身分を理由として、賃金、労働時間、その他の労働条件について、差別的取り扱いをしてはならないとされています。（労働基準法　第3条）\n労働条件の明示\n使用者は、労働契約を締結するにあたって、賃金、労働時間その他の労働条件を労働者に明示しなければなりません。特に賃金に関する事項は、書面で明示することが必要です。（労働基準法15条）\nまた、雇い入れにあたっては、賃金、労働時間等の主要な労働条件について、外国人労働者が理解できるようその内容を明らかにした書面（雇入通知書）を交付するよう求められています。\n強制労働･中間搾取の禁止\n使用者は、暴行や脅迫等で、労働者の意思に反して労働を強制してはなりません。\nまた、法令に基づいて許される場合のほか、業として他人の就職に介入して利益を得てはなりません。\n労働契約の不履行について違約金，損害賠償額を予定する契約の禁止\n契約期間満了前の退職等，労働者側の労働契約不履行について違約金を定めたり、損害賠償の額を予定する契約をすることは禁止されています。（労働基準法第16条）\n労働災害にあって療養中の労働者に対する解雇の制限\n業務上負傷し、又は疾病にかかり療養のために休業する期間及びその後30日間の解雇は禁止されています。(労働基準法第19条)\n解雇の予告\n労働者を解雇する場合には、少なくとも30日前に予告する必要があります。30日前に予告しない場合には30日に不足する日数分の平均賃金 (解雇予告手当)を支払う必要があります。\nただし、天災などのやむを得ない事由のために事業の継続が不可能になった場合や、労働者の責に帰すべき事由により解雇する場合はこの限りではありませんが、その場合、労働基準監督署長による解雇予告の除外認定を受けることが必要です。（労働基準法第20条､第21条）\n賃金の支払い\n賃金は､通貨で､労働者に対し直接に､全額を､毎月1回以上、一定期日を定めて支払わなければなりません。ただし、税金、雇用保険料などの法定控除及び組合費などの労使協定による控除は全額払いの例外となります。(労働基準法第24条)\n最低賃金\n使用者は労働者に対し最低賃金額以上の賃金を支払わなくてはなりません。最低賃金には、地域別最低賃金と産業別最低賃金があります。(最低賃金法)\n労働時間､休日\n法定労働時間は、1日8時間、1週間40時間 (一部の規模・業種の事業場については46時間)となっています。(労働基準法第32条。第40条)法定の休日は、週について１日又は４週について４日以上とされています。(労働基準法第35条)\n時間外・休日労働及び深夜労働の割増賃金\n法定の労働時間を延長し､法定の休日に労働させるには、法令で定められた一定の手続きが必要とされています。（労働基準法第36条）\nまた、法定の労働時間を超える労働に対しては､通常の労働時間または労働日の賃金の25％以上の率、法定の休日における労働に対しては、35％以上の率で計算した割増賃金を支払わなければなりません。\nさらに、深夜（午後10時から午前5時まで）における労働に対しても、25％以上の率で計算した割増賃金を支払わなければなりません。（労働基準法第37条）\n年次有給休暇\n6ヶ月間継続勤務し、全労働の8割以上出勤した労働者に対しては､年次有給休暇を与えなければなりません。（労働基準法第39条）\n金品の返還\n我が国に在留する外国人は、旅券又は外国人登録証明書を常時携帯する必要がある（入管法第23条）ので、事業主は旅券等を保管しないこととされています。\nまた、労働者が退職する際に、請求があった場合、7日以内に当該労働者の権利に属する金品を返還しなければなりません。（労働基準法第23条）\n安全衛生\n労働者の安全と衛生を確保するため、安全衛生教育（雇入れ時の教育等）、健康診断の実施等、労働者の危険又は健康障害を防止するための措置を講じなければなりません。（労働安全衛生法）""}, {""sid"": ""S3"", ""question"": ""年末調整の各種申告書（扶養控除等申告書など）について"", ""answer"": ""国税庁のウェブサイト内で、《外国語版》各種申告書（扶養控除等申告書など）が公開されています。\n【６言語版】\n英語、中国語、ポルトガル語、スペイン語、ベトナム語、フィリピノ語\nご活用ください。""}, {""sid"": ""S4"", ""question"": ""健康保険の被扶養者は「国内居住者」に限定されます"", ""answer"": ""2020年４月より、企業の従業員が入る公的医療保険「健康保険」の被扶養者の認定要件に、「原則として国内に居住していること」が追加され、海外在住の被扶養者は外れることになりました。ただし、日本に居住していない被扶養者のうち、日本に生活の基礎があると認められるもの（海外留学、海外赴任の同行家族、観光ボランティア等のための一時的渡航者など）については、 例外的に要件を満たすこととされています。一方、国内に住所があっても、医療滞在ビザで来日した者や観光・保養を目的とするロングステイビザで来日した者は被扶養者認定されません。""}, {""sid"": ""S5"", ""question"": ""郵便局について"", ""answer"": ""以下の関連ページに各言語で案内があります。""}]"
1黒魔術の宗教儀式について 2不安定なメンタル・サプリメントの服用について,申し訳ありません。その質問には、滋賀県国際協会の情報だけを根拠に事実ベースで回答することが難しい内容です。一般的な医療・宗教に関する助言は、適切な専門機関や信頼できる医療情報源を参照してください。もし滋賀県国際協会の公式情報に基づく別件の質問があればお知らせください。,[]
浴槽の蛇口について,滋賀県国際協会の情報に基づくと、浴槽の蛇口に関する一般的な注意点としては、適切な水圧の確認、混合水栓の使用、節水の意識、定期的な清掃と部品の点検が挙げられます。具体的な自治体の指針や製品仕様の案内は提供されていません。浴槽の蛇口の詳細な取り扱いは、製品マニュアルや設置業者の指示に従ってください。,[]
出国前の手続きについて,出国前の手続きについては、ペットの出国（海外へ連れて行く場合）や在留手続きなど、出国先や状況に応じた個別の要件が生じます。出国前の具体的な手続きとしては、動物検疫所への連絡（ペットの出国手続き）、在留資格の確認と必要書類の整備、婚姻など他の目的がある場合は本国の手続きと日本側市区町村への届出などが考えられます。詳しくは以下の関連情報を参照してください。動物検疫所の案内: http://www.maff.go.jp/aqs/animal/index.html,"[{""sid"": ""S1"", ""question"": ""ペットを出国、入国させる場合は？"", ""answer"": ""ペットを海外へ連れて行ったり、持ち帰ったりするときは、日本と相手国に入るための条件をクリアする必要があります。手続きに時間がかかるので、できるだけ早く動物検疫所に連絡してください。\n動物検疫所 (http://www.maff.go.jp/aqs/animal/index.html)""}]"
貸付の返済について,滋賀県社会福祉協議会などの教育資金貸付制度は無利子または低利子がある場合があります。返済計画を立て、金利や返済期間は制度ごとに異なるため、借りる前に確認してください（ Lifelong 教育支援金・就学支度金・修学資金等の詳細はS2参照）。一般的には、借入後は所定の返済期間内に返済する義務が生じます。,"[{""sid"": ""S2"", ""question"": ""教育資金貸付制度、教育ローン"", ""answer"": ""＊在留資格について、制約がある場合があります。\n金利、返済期間等について、確認してから借りましょう。\n生活福祉資金教育貸付 (教育支援金)\n[対象者] 低所得者世帯\n[連絡先・備考] 滋賀県社会福祉協議会 　 TEL：077-567-3903\n＊無利子\nひとり親家庭・寡婦福祉資金の修学資金、就学支度金の貸付\n[対象者] 母子父子家庭\n[連絡先・備考]\n滋賀県健康医療福祉部子ども・青少年局 TEL：077-528-3554\n大津市在住者は大津こども家庭課　 TEL：077-528-2686\n＊無利子\n教育一般貸付 国の教育ローン\n[連絡先・備考]\n日本政策金融公庫 (https://www.jfc.go.jp/n/finance/search/ippan.html)\n教育コールセンター TEL：0570-008656\n＊有利子\n銀行の教育ローン\n[連絡先・備考] 各銀行（銀行により金利が異なります）\n＊有利子""}]"
父親を探している,滋賀県国際協会の情報だけでは、父親を探す具体的な手続きや連絡先は提供されていません。父親探しに関しては、家庭裁判所の調停窓口や京都外国人の夫婦と親子に関する紛争解決センター等の専門機関に相談することが一般的です。必要であれば、下記の連絡先に確認してみてください。 - 大津家庭裁判所 ℡ 077-503-8151 - 大津家庭裁判所 彦根支部 ℡ 0749-22-0167 - 大津家庭裁判所 長浜支部 ℡ 0749-62-0240 - 京都外国人の夫婦と親子に関する紛争解決センター ℡ 075-692-3555,"[{""sid"": ""S1"", ""question"": ""離婚についての話し合いがうまくいきません。"", ""answer"": ""家庭裁判所の調停で話し合うことができます。（日本語）\n- 大津家庭裁判所 　℡　077-503-8151\n- 大津家庭裁判所 彦根支部 　℡　0749-22-0167\n- 大津家庭裁判所 長浜支部 　℡　0749-62-0240\n- 京都外国人の夫婦と親子に関する紛争解決センター 　℡　075-692-3555""}]"
特定活動ビザの指定書について,滋賀県国際協会の情報だけを根拠にすると、特定活動ビザの指定書についての記載はS1〜S5には見当たりません。したがって、滋賀県国際協会の公開情報（S1〜S5）からは、特定活動ビザの指定書に関する事実ベースの回答を提供できません。別途、出入国管理庁や公的機関の公式情報を確認してください。,"[{""sid"": ""S1"", ""question"": ""健康保険の被扶養者は「国内居住者」に限定されます"", ""answer"": ""2020年４月より、企業の従業員が入る公的医療保険「健康保険」の被扶養者の認定要件に、「原則として国内に居住していること」が追加され、海外在住の被扶養者は外れることになりました。ただし、日本に居住していない被扶養者のうち、日本に生活の基礎があると認められるもの（海外留学、海外赴任の同行家族、観光ボランティア等のための一時的渡航者など）については、 例外的に要件を満たすこととされています。一方、国内に住所があっても、医療滞在ビザで来日した者や観光・保養を目的とするロングステイビザで来日した者は被扶養者認定されません。""}]"
特定活動の人の経済的支援について,滋賀県国際協会の情報ベースでは、特定活動の「経済的支援」に関する直接の記載は確認できません。S1～S5の奨学金・生活支援・障害者手帳関連などの支援情報は提供されていますが、特定活動の在留資格をお持ちの方の経済的支援についての記述は見当たりません。滋賀県国際協会の公式情報に基づくと、奨学金や住居支援等の支援制度は留学生や一般の方を対象に個別に案内されているため、特定活動の方の経済支援については、在学する機関の国際交流課や市町の福祉課、または法務省・出入国在留管理庁の公的情報を確認してください。,"[{""sid"": ""S1"", ""question"": ""奨学金"", ""answer"": ""各大学での奨学生の募集は、入学後、４月、５月に行われることが一般的ですが、入学前に予約型奨学金の募集をする大学もあります。このため、希望校が決まれば、早めに奨学金の情報を収集しましょう。\n奨学金には、大きく分けて、（1）日本学生支援機構の奨学金（2）各大学が独自に設けている奨学金（3）民間企業や財団法人などの奨学金（4）地方自治体の奨学金があります。募集対象や受給条件はまちまちですが、世帯の経済状況、学力や専攻分野などが審査基準になることが多いです。奨学金には返済の必要のない「給付」と返済が必要な「貸与」の二種類があります。また重複して受給できない奨学金もあります。学校の担当課やホームページなどで情報を収集しましょう。\n＊在留資格について、制約がある場合があります。\n日本学生支援機構（JASSO）\n[対象者] 大学院・大学・短期大学・高等専門学校・専修学校(専門課程)に在学する学生\n日本学生支援機構（JASSO）には、有利子、無利子の奨学金（貸与型）の他、経済的に困難な状況にある優秀な学生に対する給付型の奨学金もあります。\n[連絡先・備考]\n日本学生支援機構（JASSO） (https://www.jasso.go.jp/about/shogakukin)\n＊給付・貸与\n自治体の奨学金\n[対象者] 対象はそれぞれ異なります\n[連絡先・備考] 市町役場（奨学金のない自治体もあります）\n＊給付・貸与\n新聞奨学金\n[対象者] 新聞配達の仕事をする学生\n[連絡先・備考] 各新聞社\n＊給付・貸与\n交通遺児育英会奨学金\n[対象者] 交通事故の遺児や保護者に著しい障がいのある学生\n[連絡先・備考]\n交通遺児育英会奨学金 (http://www.kotsuiji.com/howto/)\n＊給付\n日本教育公務員弘済会\n[対象者] 大学院・大学・高等専門学校・専修学校専門課程の学生\n[連絡先・備考] 滋賀支部　　 　TEL： 077-526-1356\n＊給付・貸与\n坪井一郎・仁子学生支援プログラム\n[対象者] 大学生(3年生以上)や大学院生(入学予定者も可)難民や日系定住者及び中国帰国者の子弟\n[連絡先・備考]\n（社福）さぽうと２１ (http://support21.or.jp)\nTEL：03-5449-1331\n＊給付\nPP奨学金\n[対象者] 日本国籍、永住者、特別永住者\n[連絡先・備考]\n（社福）さぽうと２１ (http://support21.or.jp)\nTEL：03-5449-1331\n＊給付\nびわこ奨学金\n[対象者] 滋賀県内の留学生\n[連絡先・備考]\n（公財）滋賀県国際協会 (http://www.s-i-a.or.jp/index.php/projects/multicultural)\nTEL：077-526-0931\n＊給付""}, {""sid"": ""S2"", ""question"": ""新型コロナウイルス感染症の影響を受けた方への生活支援について"", ""answer"": ""住居確保給付金（家主さんに直接支払われる家賃）\n対象\n離職・廃業から２年以内または休業等により収入が減少し、離職等と同程度の状況にある方\n支給期間\n原則３カ月（最長９カ月まで）\n支給額\n家賃相当額を自治体から家主さんに支給\n申請方法\n市にお住まいの方は各市。町にお住まいの方は各町の社会福祉協議会\nご案内\n住居確保給付金のご案内はこちらから (https://www.mhlw.go.jp/content/000626236.pdf)\n★滋賀県では県営住宅での一時的な受入れを行っています。\n対象\n新型コロナウイルスの感染症に起因する解雇等により住宅の退去を余儀なくされた方\n入居期間\n最長一年間\n申込方法\n県庁土木交通部住宅課へお電話　（℡　０７７－５２８－４２３４）\nその他、生活にお困りの方は、お住まいの市町の福祉課や社会福祉事務所で相談しましょう！""}, {""sid"": ""S3"", ""question"": ""障害者手帳を取得すると次のようなサービスを受けられます"", ""answer"": ""自立支援医療\n心身の障害を除去・軽減するための医療について、医療費の自己負担額が軽減されます。\n障害福祉サービス\n居宅介護、重度訪問介護、行動援護、同行援護、短期入所、グループホーム、療養介護、生活介護、施設入所支援などがあります。\n障害児通所支援給付サービス\n児童発達支援、医療型児童発達)支援、放課後等デイサービスなどがあります。\n福祉手当\n手帳の区分及び等級等に応じ、手当や年金が支給される場合があります。（所得制限などあり。重複して手当等受給できない場合があります）\nその他\n各種所得控除、公共施設の利用料の減免、交通機関の運賃割引、公営住宅の優先入居どがあるほか、就労支援や就職時に障害に応じた配慮を受けやすくなることがあります。""}, {""sid"": ""S4"", ""question"": ""入学支度金"", ""answer"": ""日本政策金融公庫　国の教育ローン\n- 振込時期:　随時\n- 利子:　有り\n- 問合わせ:　国の教育ローン　℡ 0570-008656\n日本学生支援機構（JASSO）入学時特別増額貸与奨学金\n- 振込時期:　進学後\n- 利子:　有り\n- 問合わせ:　在籍する高等学校、出身校\n労働金庫(ろうきん）入学時必要資金融資制度\n- 振込時期:　進学前\n- 利子:　有り\n- 問合わせ:　近畿ろうきん ℡ 0120-191-968\n県社会福祉協議会　生活福祉資金　就学支度費\n- 振込時期:　進学前\n- 利子:　無し\n- 問合わせ:　市町社会福祉協議会\n県（大津市の方は大津市）　母子父子寡婦福祉資金貸付金\n- 振込時期:　進学前\n- 利子:　無し\n- 問合わせ:　市町こども支援課など""}, {""sid"": ""S5"", ""question"": ""外国人住民のための子育て支援サイト"", ""answer"": ""（公財）かながわ国際交流財団が、子育て支援に関わる方々向けに、外国人住民へのご対応の際に役立つ情報を掲載しています。是非ご活用ください。\n支援者の方々へ (http://www.kifjp.org/child/supporters)""}]"
住むところを探している,"{""answer"":""滋賀県の公営住宅（県営・市営/町営）と民間賃貸、持ち家の選択肢があります。民間賃貸の相談は滋賀県土木交通部住宅課へ。公営住宅は募集時期が年4回（実施地域により異なる）です。市町役場へ市営・町営住宅の情報を確認してください。賃貸では契約時の礼金・敷金・保証・更新料など通常の慣行があります。空き家バンク・セーフティネット住宅情報も参照できます。""}, ""used_source_ids"": [""S1""]}","[{""sid"": ""S1"", ""question"": ""住宅を探しています。"", ""answer"": ""県営住宅や市営住宅の他、民間の住宅もあります。市営住宅については市町役場にたずねましょう。\n- 県営住宅 滋賀県営住宅管理センター (https://shiga-kenei.com) ℡　077-510-1500 ℡　077-510-1501　(外国人専用)\n- 滋賀あんしん賃貸支援事業 (https://www.shiga-anshin.net/)\n- 日本賃貸住宅管理協会 (https://www.jpm.jp/) 日本賃貸住宅管理協会 English (https://www.jpm.jp/foreigner/)\n- ＵＲ賃貸住宅 (https://www.ur-net.go.jp/chintai/kansai/shiga/counter/)\n- VILLAGE HOUSE (ENG, POR) (https://www.villagehouse.jp)\n- 大東建託(多言語 Multilingual) (http://e-heya.kentaku.net/shiga/)\n民間賃貸住宅についての相談は\n滋賀県土木交通部住宅課 (http://www.pref.shiga.lg.jp/h/jutaku/sumai_machi/safetynet/soudan.html)\n℡077-528-4235""}, {""sid"": ""S2"", ""question"": ""住む家を探すには？"", ""answer"": ""住まい探しに役立つ情報です。住宅には、「公営住宅」、「賃貸住宅」、「持ち家」などがあります。\n公営住宅\n所得の低い人など一定の条件を満たす人を対象に、公的な住宅があります。定期的に募集をおこない、抽選によって入居が決定します。滋賀県には県営住宅と、市町によって市営や町営住宅があるところもあります。在留資格や所得の要件があるので、確認してください。\n県営住宅\n滋賀県には、県営住宅が県内各地域にあり、年4回（４月、７月、１０月、１月）募集があります。\n市営町営住宅\nお住まいの市町役場に問い合わせてください。\n賃貸住宅\n一般に、日本では不動産屋で物件を探し、書面で契約を結びます。契約時、物件により、礼金や敷金が必要になります。（礼金は家主へのお礼として支払うお金で戻ってきません。敷金とは退去時に原状回復のために使われ、一部戻ってくる場合もあります。）また、連帯保証人が必要な場合と、家賃保証会社を利用する場合があります。その他、不動産屋への仲介手数料の支払いがあります。契約に火災保険の加入が含まれる場合が一般的です。その他、管理費や２年ごとに更新料を支払う必要がある場合が多いです。\nお役立ちサイト\n- [ 不動産情報検索サイト ] （公社）滋賀県宅地建物取引業協会 (https://www.hatomarksite.com/search/shiga/)\n- [ 外国語が話せる不動産店一覧 ] （公財）日本賃貸住宅管理協会 (https://www.jpm.jp/multilingual/index.html)\n- [ 外国人の民間賃貸住宅への円滑な入居について ]　国土交通省 (https://www.mlit.go.jp/jutakukentiku/house/jutakukentiku_house_tk3_000017.html)\n滋賀県の居住支援・住宅セーフティネット制度\n滋賀県での高齢者世帯、障害者世帯、外国人世帯、子育て世帯の入居を受け入れる民間賃貸住宅等の情報です。\n- 滋賀県のセーフティネット住宅 (https://safetynet-jutaku.mlit.go.jp/guest/apart_list.php?pref=25)\n- 滋賀あんしん賃貸住宅 (https://www.pref.shiga.lg.jp/ippan/kendoseibi/zyuutaku/300196.html)\n火災保険\n住宅は賃貸や持ち家にかかわらず、火災保険に加入する必要があります。\n賃貸アパートやマンションなどの場合、入居時や更新時に「大家」と「入居者」がそれぞれ火災保険に加入するケースが一般的です。建物は大家の資産なので、建物に対する火災保険は大家が加入して保険料を支払い、室内の家具や家電などの家財道具に対する保険は、入居者が加入し保険料を支払います。持ち家であれば建物と家財の両方を補償する火災保険に入ります。\n持ち家\n日本では、不動産を購入する際に国籍や在留資格に基づく制限はありません。ただし住宅ローンの借り入れは、永住者や特別永住者の在留資格をお持ちの方に限られています。年齢や所得、勤続年数などの基準を満たし、審査に通ると住宅ローンを組むことができます。また、要件などを満たせば、確定申告で住宅ローン控除を受けることができます。住宅を購入した後、経済状況に変化があった場合は、住宅ローンの借り換えや返済について、銀行に条件変更の相談をしましょう。\nまた、１月１日に住宅を所有している人は、その資産をもとに算定した固定資産税をお住まいの市町役場に支払います。\n空き家バンク\n空き家の賃貸・売却を希望する人が登録した情報を、空き家の利活用を希望する人に紹介する制度です。希望する市町役場の住宅課に空き家バンクがあるかたずねてください。\n- 空き家バンク (https://www.akiya-athome.jp/buy/25/)\n困ったときの相談窓口　（相談無料）\n入居中・契約の解除・明渡し時のトラブルなどの相談窓口：・滋賀県消費生活センター（彦根）/ TEL 0749-23-0999\n住宅取得や不具合、事業者とのトラブルなど様々な住宅についての相談窓口：・住まいるダイヤル/ TEL 03-3556-5147\n引っ越し先が決まったら、何をしたらいいのでしょう？\n届け出\nお住まいの市町役場に転出届を出します。引っ越し後14日以内に、新住所の役場に転居、転入届を出し、在留カードとマイナンバーカードの住所変更も行います。また、子どもさんがおられる方は、新しい保育園、幼稚園、学校への転入手続きも行います。職場、銀行への連絡や、運転免許証の住所変更も必要です。郵便局へ郵便物の転送届を出しておくと、引っ越し前の住所地に届いた郵便物を新住所に転送してもらえます。\n近所との付き合い\n日本では、引っ越した人が近所の人に挨拶をする習慣があります。近所の人と知り合って、ゴミの収集日や収集場所、災害時の避難場所など地域のルールを教えてもらいましょう。\n自治会\n地域ごとに住民が運営する自治会があります。自治会では、住民同士が地域での暮らしを良くするため、防犯、防災、美化活動を行ったり、地域の子どもたちがスポーツや祭りなどを楽しむ「子ども会」があるなど様々な活動をしています。それらの事業の運営のため、会員は自治会費を支払い、役割分担(ぶんたん)もあります。また、細かな地域の情報が掲載された「回覧板」が回ってきます。自治会は任意加入ですが、ゴミ収集場所の管理を自治会がしている場合など、加入が必要になることもあります。災害時などには近所同士の助け合いが必要になるので、近所とのお付き合いは大切にしましょう。\n※地域によって自治会の有無や活動内容、自治会費は異なりますので、必ず確認してください。""}, {""sid"": ""S3"", ""question"": ""引っ越し先が決まったら、何をしたらいいのでしょう？"", ""answer"": ""届け出\nお住まいの市町役場に転出届を出します。引っ越し後14日以内に、新住所の役場に転居、転入届を出し、在留カードとマイナンバーカードの住所変更も行います。また、子どもさんがおられる方は、新しい保育園、幼稚園、学校への転入手続きも行います。職場、銀行への連絡や、運転免許証の住所変更も必要です。郵便局へ郵便物の転送届を出しておくと、引っ越し前の住所地に届いた郵便物を新住所に転送してもらえます。\n近所との付き合い\n日本では、引っ越した人が近所の人に挨拶をする習慣があります。近所の人と知り合って、ゴミの収集日や収集場所、災害時の避難場所など地域のルールを教えてもらいましょう。\n自治会\n地域ごとに住民が運営する自治会があります。自治会では、住民同士が地域での暮らしを良くするため、防犯、防災、美化活動を行ったり、地域の子どもたちがスポーツや祭りなどを楽しむ「子ども会」があるなど様々な活動をしています。それらの事業の運営のため、会員は自治会費を支払い、役割分担(ぶんたん)もあります。また、細かな地域の情報が掲載された「回覧板」が回ってきます。自治会は任意加入ですが、ゴミ収集場所の管理を自治会がしている場合など、加入が必要になることもあります。災害時などには近所同士の助け合いが必要になるので、近所とのお付き合いは大切にしましょう。\n※地域によって自治会の有無や活動内容、自治会費は異なりますので、必ず確認してください。""}, {""sid"": ""S4"", ""question"": ""引っ越し先が決まったら、何をしたらいいのでしょう？"", ""answer"": ""届け出\nお住まいの市町役場に転出届を出します。引っ越し後14日以内に、新住所の役場に転居、転入届を出し、在留カードとマイナンバーカードの住所変更も行います。\nまた、子どもさんがおられる方は、新しい保育園、幼稚園、学校への転入手続きも行います。職場、銀行への連絡や、運転免許証の住所変更も必要です。郵便局へ郵便物の転送届を出しておくと、引っ越し前の住所地に届いた郵便物を新住所に転送してもらえます。\n近所との付き合い\n日本では、引っ越した人が近所の人に挨拶をする習慣があります。近所の人と知り合って、ゴミの収集日や収集場所、災害時の避難場所など地域のルールを教えてもらいましょう。\n自治会\n地域ごとに住民が運営する自治会があります。自治会では、住民同士が地域での暮らしを良くするため、防犯、防災、美化活動を行ったり、地域の子どもたちがスポーツや祭りなどを楽しむ「子ども会」があるなど様々な活動をしています。それらの事業の運営のため、会員は自治会費を支払い、役割分担もあります。また、細かな地域の情報が掲載された「回覧板」が回ってきます。自治会は任意加入ですが、ゴミ収集場所の管理を自治会がしている場合など、加入が必要になることもあります。災害時などには近所同士の助け合いが必要になるので、近所とのお付き合いは大切にしましょう。\n※地域によって自治会の有無や活動内容、自治会費は異なりますので、必ず確認してください。""}, {""sid"": ""S5"", ""question"": ""在留について"", ""answer"": ""日本に住む外国人には、それぞれの滞在目的に従って在留資格と在留期間が与えられます。おのおのの「在留資格」には活動できる内容が厳格に規定されています。\n関連ページ\n出入国在留管理庁 (http://www.moj.go.jp/isa/index.html)\n在留関係の手続きについては\n在留関係手続き (https://www.moj.go.jp/isa/applications/index.html)\n入国後の在留関係の手続き\n滋賀県在住の方は、\n大阪入国管理局大津出張所\nで行います。\n大阪入国管理局大津出張所 (http://www.moj.go.jp/isa/about/region/osaka/index.html)\n大津市京町3-1-1 大津びわ湖合同庁舎6階　　℡：077-511-4231\n一般的な内容についての相談\n外国人在留インフォメーションセンター・ワンストップ型相談センター（入国管理局）に外国語で問い合わせることもできます。\n外国人在留インフォメーションセンター (http://www.moj.go.jp/isa/consultation/center/japanese.html)\n℡ 0570-013904（ＩＰ, ＰＨＳ, 海外: 03-5796-7112）\n新しい在留資格への移行により、平成24年7月9日より前の住所は住民票には記載されません。 ※これまで市区町村で保管されていた「外国人登録原票」は、平成24年7月9日から法務省で保管されています。\n外国人登録原票に係る開示請求について（法務省HPへリンク） (http://www.moj.go.jp/isa/applications/disclosure/foreigner.html)""}]"
出生届について,出生届についての情報は、提供されたS1～S5の文脈には含まれていません。滋賀県国際協会の情報の根拠のみで回答する必要があるため、出生届に関する事実ベースの回答は現時点で提供できません。必要であれば、該当する公式情報を改めてご提示ください。,"[{""sid"": ""S1"", ""question"": ""自分の年金情報をチェック！"", ""answer"": ""毎年1回、誕生月に国民年金および厚生年金保険の加入者（被保険者）には、年金加入記録の確認のため、「ねんきん定期便」が届きます。届出住所が現住所と異なっている場合、「ねんきん定期便」が届きませんので、住所が変った場合は住所変更を届け出ましょう。\n年金記録の確認は\nねんきんネット (https://www.nenkin.go.jp/n_net/index.html)\n年金定期便・年金専用ダイヤル　℡　0570-058-555\n★\t保険料納付期間が１０年に満たない方も年金事務所で確認しましょう！ 年金記録に漏れがないか。（基礎年金番号が他にないか。別の氏名で登録されたものがないか。 合算対象期間がないか。（特に永住者、日本国籍の方は海外の滞在期間が合算されます。）\n★\t資格期間を満たすために次のような方法があります。 ６０歳から６５歳まで国民年金に任意加入する。（1965年4月1日以前生まれの方は最長７０歳まで任意加入できます） 国民年金後納制度を使い未納期間を解消する。（2018年9月30日まで５年後納制度が適用されます）""}]"
傷病手当金の制度について,傷病手当金は、病気やケガのため長期間休業した場合に支給される給付金で、直近12か月の給与の平均額の2/3が支給されます。支給の条件は、業務外の事由による休業であること、医師の診断により就業不能と確認されること、連続する三日を含み四日以上休業していること、休業期間中に給与の支払いがないこと（事業主の証明が必要）です。なお支給額は勤務先の社会保険の総額ベースで、実際の手取り額とは異なります。詳しくは協会けんぽ滋賀支部へ問い合わせてください。,"[{""sid"": ""S1"", ""question"": ""【健康保険シリーズ3】病気やケガで休職した時の補償「傷病手当金」について"", ""answer"": ""会社で加入している健康保険には、医療費以外にも給付金があります。\nその一つが「傷病手当金」です。\n病気やケガで長期間仕事を休むと、給料が支払われなくなり生活費に困ることがあります。\nしかし傷病手当金を申請すれば、生活補償として給付金が健康保険より支給されます。\n傷病手当金は、病気休業中に被保険者とその家族の生活を保障するために設けられた制度で、被保険者が病気やケガのために会社を休み、会社から十分な報酬が受けられない場合に支給されます。\n【支給金額】直近１２か月の給与を平均した額の2/3\nただし、勤務先が社会保険に届けを出している給与総額です。手取りの金額とは一致しません。\n【支給の条件】\n1. 業務外の事由による病気やケガの療養のための休業であること\n2. 仕事に就くことができないこと（医師の証明が必要です）\n3. 連続する三日間を含み四日以上仕事につけなかったこと\n4. 休業した期間について給与の支払いがないこと（事業主の証明が必要です）\nその他、傷病手当金の詳細については協会けんぽのHPをご覧いただくか、お電話にてお問合せください。\n協会けんぽ滋賀支部\n℡　077-522-1099 (日本語)""}]"
教育訓練,滋賀県国際協会の情報に基づくと、教育訓練に関しては次の制度や窓口が挙げられます。教育訓練に関する公的な支援として、滋賀県社会福祉協議会が提供する教育支援資金の貸付（生活困難世帯向け）や、教育ローン・金利の案内が案内されています。具体的には、生活福祉資金教育貸付（教育支援金）は無利子であり、対象は低所得者世帯、連絡先は滋賀県社会福祉協議会（TEL 077-567-3903）です。ひとり親家庭・寡婦福祉資金の修学資金・就学支度金の貸付も無利子で案内されています。教育一般貸付（国の教育ローン）は有利子で、日本政策金融公庫の窓口（教育コールセンター 0570-008656）へ問い合わせます。銀行の教育ローンも有利子で、各銀行へ問い合わせが必要です。なお、教育訓練の具体的な科目や機関名は出典には明記されていません。ご利用を検討される場合は、滋賀県社会福祉協議会や日本政策金融公庫、各銀行などの窓口へ直接ご相談ください。,"[{""sid"": ""S5"", ""question"": ""教育資金貸付制度、教育ローン"", ""answer"": ""＊在留資格について、制約がある場合があります。\n金利、返済期間等について、確認してから借りましょう。\n生活福祉資金教育貸付 (教育支援金)\n[対象者] 低所得者世帯\n[連絡先・備考] 滋賀県社会福祉協議会 　 TEL：077-567-3903\n＊無利子\nひとり親家庭・寡婦福祉資金の修学資金、就学支度金の貸付\n[対象者] 母子父子家庭\n[連絡先・備考]\n滋賀県健康医療福祉部子ども・青少年局 TEL：077-528-3554\n大津市在住者は大津こども家庭課　 TEL：077-528-2686\n＊無利子\n教育一般貸付 国の教育ローン\n[連絡先・備考]\n日本政策金融公庫 (https://www.jfc.go.jp/n/finance/search/ippan.html)\n教育コールセンター TEL：0570-008656\n＊有利子\n銀行の教育ローン\n[連絡先・備考] 各銀行（銀行により金利が異なります）\n＊有利子""}]"
SDカードについて,滋賀県国際協会の情報に基づく回答はありません。SDカードに関する一般的な事実を、公開ソースに依存せず回答することはできません。必要であれば、滋賀県国際協会の公式情報源を参照して要点を整理します。,"[{""sid"": ""S1"", ""question"": ""住民手続きについて"", ""answer"": ""- 住民基本台帳について (http://www.soumu.go.jp/main_sosiki/jichi_gyousei/c-gyousei/zairyu/related_materials-publicity_leaflets-etc.html)\n- マイナンバー制度について (https://www.digital.go.jp/policies/mynumber) マイナンバーカードについて (https://www.kojinbango-card.go.jp/)\n- 転入・転出について (http://www.soumu.go.jp/main_sosiki/jichi_gyousei/c-gyousei/zairyu/move-in_move-out.html)""}]"
中古車の部品購入について,中古車の部品購入については、滋賀県国際協会が提供する情報には詳しい手続きや部品販売の公式ガイドは含まれていません。したがって、部品の購入先を選ぶ際は正規の整備工場・認証部品取扱店・自動車整備士の資格を持つ店舗での購入を推奨します。特に車検証や部品番号の正確性を確認し、車種・年式に適合する部品を選択してください。追加の詳細は滋賀県内の自動車関連窓口へご相談ください。,"[{""sid"": ""S1"", ""question"": ""二輪車のルールを知ってますか？"", ""answer"": ""自転車用ヘルメットの着用について\n道路交通法の一部を改正する法律の施行により、2023年4月1日から\n自転車利用者のヘルメット着用が努力義務になりました。\n。\n【自転車の運転者等の遵守事項】\n1. 自転車の運転者は、乗車用ヘルメットをかぶるよう努めなければなりません。\n2. 自転車の運転者は、子どもを乗せる場合、または他人に自転車を貸す場合は、その人に乗車用ヘルメットをかぶらせるよう努(つと)めなければなりません。\n3. 保護者の方は、児童や幼児が自転車を運転するときは、ヘルメットをかぶらせるよう努めなければなりません。\nバイク購入時の手続きについて\n販売店で原付バイクを購入すれば手続きはすべて行ってくれます。しかし、知人や友人、ネットオークションなどで中古バイクを譲り受けた場合は、自分で名義変更等の手続きをします。\n名義変更（登録）の手続きをする方法\nバイクの名義変更（登録）の方法は、バイクの排気量によって異なります。\n☆☆\t☆\t原付バイク（50～125cc）\n新しい所有者が住民登録をしている市役所で手続きできます。\n☆☆\t☆\t軽二輪バイク、中型・大型バイク（12６cc以上）\n新しい所有者の住所を管轄している運輸支局（陸運局）で手続きをします。\n滋賀運輸支局：守山市木浜町2298番地の5\n登録検査手続き案内：050-5540-2064\n! \t\t個人売買の基本ルールとしては買い手側が名義変更の手続きを行いますが、友人から買う場合は一緒に陸運局や役所に手続きに行く方法もあります。\n自賠責保険への加入\nバイク保険は「自賠責保険」と「任意保険」の二種類があります。\nバイクを購入すると自賠責保険への加入が必須です。\n自賠責保険は人身事故の補償を対象とした強制加入のもので、未加入運転の場合には罰則があります。また、加入は義務ではありませんが、被害者と加害者両方を補償できる任意保険に加入しておくと安心です。""}]"
クレジットカードが不正使用された,クレジットカードの不正使用は金融庁の資金移動業者登録や電子マネー詐欺と同様、迅速な対応が重要です。まずカード会社に連絡して利用停止・回復手続きを行い、不正取引の調査を依頼してください。被害を拡げないため、身に覚えのない請求には返信・連絡をしないでください。公式窓口や警察相談 (#9110) に相談し、必要に応じて消費者ホットラインなどへ連絡してください。,"[{""sid"": ""S1"", ""question"": ""金融トラブルにご注意！！"", ""answer"": ""電子マネーのトラブル\nインターネット有料サイトの利用料金未納を騙った架空請求など、詐欺行為の支払手段として現金だけでなく、電子マネーを悪用した被害が急増しています。\n※预プリペイドカードなどの電子マネーは、相手にカードを渡さなくても、カードに記載された番号等を伝えるだけで電子マネーの価値を譲渡したことになります。\n詐欺です！：「コンビニで電子マネーカードを買って、カード番号を教えて。\n」\n！身に覚えのない請求等に返信、連絡しないでください。\n！事業者、法務省や裁判所などが「未納料金などの支払い」の名目で、　　コンビニで電子マネーカードを購入させることは絶対にありません。\nマネー・ロンダリング（犯罪に関係するお金を持っている人をわからなくすること）は違法です！\n詐欺です！：「このお金をあなたの口座から送金してほしいんです。一万円あげますから。」\n！口座を他人にあげるなどの行為は違法です。\n！違法な業者かどうか判断できない場合はその業者は使わないでください。\n　金融庁ウェブサイトの資金移動業者登録一覧に載っていない業者は違法です。\nここから確認できます→　https://www.fsa.go.jp/menkyo/menkyoj/shikin_idou.pdf\n。\nメール・SMS（ショートメッセージサービス）による被害防止対策として、あらかじめ受信拒否設定をしておくことが効果的です。\n！おかしいと思ったら、すぐに家族や友人、警察＃9110（警察相談専用電話）に相談！\n- 消費者ホットライン　　　　１８８　（日本語）\n- 訪日外国人観光客消費者ホットライン 03-5449-0906\n- 金融サービス利用者相談室0570-016811（从ＩＰ電話からは：03-5251-6811）\n- 英語ワンストップ窓口　　　email: equestion@fsa.go.jp""}]"
