相談年月日,相談区分,対応言語名,相談概要,相談方法,回答,参照QA（カテゴリ名つき）リスト
2025/6/5,DV,ポルトガル語,妻と帰国の計画作成について,電話,ご質問の“妻と帰国の計画作成”について、滋賀県国際協会の情報の範囲内で事実ベースの要点を以下に示します。具体的な国籍・居住状況・法域により異なるため、事実として扱える範囲のみ記します。 - 離婚や婚姻の法的手続きは日本の法制度が適用されるケースがあり、協議離婚や婚姻・離婚に関する手続きは日本国内で進めることが可能です（ただし個別の法適用は状況次第）。 - 国際的な婚姻・離婚手続きについては、本国の在日公館（領事館・大使館）へ問い合わせることが推奨されます。 - 具体的な手続きとして、婚姻届は居住地の市町村役場へ提出、離婚は協議・調停・審判・裁判のいずれかの方法で進めることが可能です。 - 帰国計画に関しては、法的手続きと同時に居住地の行政手続き（死亡届等の一部要件を含む一般的行政手続き）と在留資格や戸籍・国籍に関する事柄を確認することが重要です。 - 詳細な手続き・必要書類・期限等は、日本国内の在日公館・滋賀県の窓口へご相談ください。,"[{""qa_id"": 310, ""カテゴリ名"": ""結婚・離婚"", ""質問"": ""離婚届"", ""回答"": ""- それぞれの夫婦が離婚する場合、どの国の法律が適用されるかという準拠法に深くかかわってきます。\n- 日本では、離婚の準拠法について、第一に夫婦の本国方が同一の時はその法律（共通本国法）により、第二にその共通本国法がない場合において夫婦の常居所地法が同一であるときはその法律によるが、第三にそのいずれの法律もない時は夫婦にもっとも密接な関係のある地の法律（密接関連法）による、とされていますが、これには例外があって、夫婦の一方が日本に常居所がある日本人であるときは、日本の法律によって決められます。\n- 日本の法律が適用される場合、協議離婚をすることができます。協議が成立しない場合は、家庭裁判所の調停や審判による離婚、地方裁判所の判決による離婚のいずれの方法もとることができます。\n- 各国の離婚に関する法律については、各在日公館にお問い合わせください。""}, {""qa_id"": 309, ""カテゴリ名"": ""結婚・離婚"", ""質問"": ""婚姻届"", ""回答"": ""- 外国人が日本国内で結婚する場合は両人の本国の法律と日本の法律にしたがって婚姻の手続きをしなければなりせん。\n- 本国の在日領事館または、大使館に婚姻の手続きについて問い合わせてください。\n- 婚姻に関しては、本国で定められている婚姻法に従って、必要書類をそろえ手続きをしてください。（書類の日本語訳文も必要です）\n- 婚姻届を届出人の所在地の市町村役場の戸籍係に提出してください。""}, {""qa_id"": 311, ""カテゴリ名"": ""結婚・離婚"", ""質問"": ""離婚についての話し合いがうまくいきません。"", ""回答"": ""家庭裁判所の調停で話し合うことができます。（日本語）\n- 大津家庭裁判所 　℡　077-503-8151\n- 大津家庭裁判所 彦根支部 　℡　0749-22-0167\n- 大津家庭裁判所 長浜支部 　℡　0749-62-0240\n- 京都外国人の夫婦と親子に関する紛争解決センター 　℡　075-692-3555""}, {""qa_id"": 188, ""カテゴリ名"": ""在留・住民手続"", ""質問"": ""死亡届"", ""回答"": ""- 死亡届は医師が発行する死亡診断書を添付の上、同居の親族、その他同居者等が死亡後7日以内に届出人の所在地の市町村役場に提出してください。\n- 在留カードを死亡14日以内に返してください。""}]"
2025/8/26,DV,ポルトガル語,夫婦の問題,電話,滋賀県国際協会の情報に基づくと、夫婦の問題に関しては日本国内での解決手段として家庭裁判所の調停・審判・判決を利用でき、離婚の準拠法は原則として夫婦の本国方・常居所地法・密接関連法の順で適用され、日本人夫妻の一方が日本に常居所がある場合は日本法が適用されます。協議離婚が成立しない場合は調停などを通じて離婚手続きが可能です。婚姻届・手続きについては外国人が日本国内で結婚する場合、両国の法律と日本の法律に従い、在日公館への問い合わせと本国婚姻法に従った書類準備が必要です。デートDVについては、暴力の一形態として身体的・精神的・性的・経済的暴力を含み、相談窓口やサポート情報が公的機関により紹介されています。,"[{""qa_id"": 310, ""カテゴリ名"": ""結婚・離婚"", ""質問"": ""離婚届"", ""回答"": ""- それぞれの夫婦が離婚する場合、どの国の法律が適用されるかという準拠法に深くかかわってきます。\n- 日本では、離婚の準拠法について、第一に夫婦の本国方が同一の時はその法律（共通本国法）により、第二にその共通本国法がない場合において夫婦の常居所地法が同一であるときはその法律によるが、第三にそのいずれの法律もない時は夫婦にもっとも密接な関係のある地の法律（密接関連法）による、とされていますが、これには例外があって、夫婦の一方が日本に常居所がある日本人であるときは、日本の法律によって決められます。\n- 日本の法律が適用される場合、協議離婚をすることができます。協議が成立しない場合は、家庭裁判所の調停や審判による離婚、地方裁判所の判決による離婚のいずれの方法もとることができます。\n- 各国の離婚に関する法律については、各在日公館にお問い合わせください。""}, {""qa_id"": 309, ""カテゴリ名"": ""結婚・離婚"", ""質問"": ""婚姻届"", ""回答"": ""- 外国人が日本国内で結婚する場合は両人の本国の法律と日本の法律にしたがって婚姻の手続きをしなければなりせん。\n- 本国の在日領事館または、大使館に婚姻の手続きについて問い合わせてください。\n- 婚姻に関しては、本国で定められている婚姻法に従って、必要書類をそろえ手続きをしてください。（書類の日本語訳文も必要です）\n- 婚姻届を届出人の所在地の市町村役場の戸籍係に提出してください。""}, {""qa_id"": 195, ""カテゴリ名"": ""生活"", ""質問"": ""「デートDV」のこと知っていますか？"", ""回答"": ""恋人同士の間に起こる暴力のことを「デートDV」と言います。暴力には身体的、精神的、性的や経済的暴力があります。相手を思いどおりにしたり、相手をバカにしたり無視をするといった行為もDVです。親しい間柄でも自分と相手の気持ちを大切にしましょう。\n- 内閣府　「人と人とのよりよい関係をつくるために」\n- 文部科学省　「生命の安全教育」\nパートナーとの悩みの相談\n- デートDV110番 https://ddv110.org/ (https://ddv110.org/)\n- にんしんSOS滋賀　（滋賀県子育て支援課）""}]"

2025/6/20,その他,ポルトガル語,クレジットカードについて,電話,クレジットカードに関する一般的な注意点は、公式な窓口や信頼できるサイト以外からのカード情報の提供を避けること、不審な請求には返信・連絡を控えること、正規の金融機関の連絡先を通じて確認することです。もし不正使用の疑いがある場合は、カード会社へ直ちに連絡して利用停止・調査を依頼してください。なお、滋賀県国際協会が提供する情報の範囲内では、クレジットカードに関する具体的な手続きや窓口情報は上記の一般的な防止策と同様です。）,"[{""qa_id"": 350, ""カテゴリ名"": ""事件・事故"", ""質問"": ""金融トラブルにご注意！！"", ""回答"": ""電子マネーのトラブル\nインターネット有料サイトの利用料金未納を騙った架空請求など、詐欺行為の支払手段として現金だけでなく、電子マネーを悪用した被害が急増しています。\n※预プリペイドカードなどの電子マネーは、相手にカードを渡さなくても、カードに記載された番号等を伝えるだけで電子マネーの価値を譲渡したことになります。\n詐欺です！: 「コンビニで電子マネーカードを買って、カード番号を教えて。\n」\n！身に覚えのない請求等に返信、連絡しないでください。\n！事業者、法務省や裁判所などが「未納料金などの支払い」の名目で、　　コンビニで電子マネーカードを購入させることは絶対にありません。\nマネー・ロンダリング（犯罪に関係するお金を持っている人をわからなくすること）は違法です！\n詐欺です！: 「このお金をあなたの口座から送金してほしいんです。一万円あげますから。」\n！口座を他人にあげるなどの行為は違法です。\n！違法な業者かどうか判断できない場合はその業者は使わないでください。\n　金融庁ウェブサイトの資金移動業者登録一覧に載っていない業者は違法です。\nここから確認できます→　https://www.fsa.go.jp/menkyo/menkyoj/shikin_idou.pdf\n。\nメール・SMS（ショートメッセージサービス）による被害防止対策として、あらかじめ受信拒否設定をしておくことが効果的です。\n！おかしいと思ったら、すぐに家族や友人、警察＃9110（警察相談専用電話）に相談！\n- 消費者ホットライン　　　　１８８　（日本語）\n- 訪日外国人観光客消費者ホットライン 03-5449-0906\n- 金融サービス利用者相談室0570-016811（从ＩＰ電話からは：03-5251-6811）\n- 英語ワンストップ窓口　　　email: equestion@fsa.go.jp""}]"
2025/7/9,その他,日本語（その他）,法律相談について,電話,滋賀県国際協会の情報を根拠に、法的相談の窓口としては法テラスが利用できます。日本語は0570-078374、英語ほか多言語は0570-078377、多言語ダイヤルは03-5366-6008です。滋賀での窓口としては法テラス滋賀（大津市浜大津1-2-22 大津商中日生ビル5F）0520-3383-5454が案内可能です。滋賀弁護士会も相談窓口を提供しています（大津市梅林1-3-3）。必要に応じて、地域の弁護士会や法テラスへご連絡ください。,"[{""qa_id"": 354, ""カテゴリ名"": ""事件・事故"", ""質問"": ""法律についての相談は"", ""回答"": ""法テラス\n℡　0570-078374（日本語）\n℡　0570-078377（英語、中国語、韓国語、スペイン語、ポルトガル語、ベトナム語、タガログ語)\n℡　03-5366-6008（多言語ダイヤル）\n法テラス滋賀\n大津市浜大津1-2-22　大津商中日生ビル５Ｆ\n℡　050-3383-5454\n滋賀弁護士会\n大津市梅林１-３-３""}]"
2025/9/29,その他,タガログ語,国勢調査について,電話,滋賀県における国勢調査についての事実ベースの情報は、提示されたS1〜S5のコンテキストには直接言及がありません。国勢調査は総務省統計局の実施であり、滋賀県の窓口としては滋賀県庁や市町の広報、統計課などが案内します。正確な情報を得るには、総務省統計局の国勢調査ページまたは滋賀県の公式広報をご確認ください。,"[{""qa_id"": 252, ""カテゴリ名"": ""年金・保険"", ""質問"": ""自分の年金情報をチェック！"", ""回答"": ""毎年1回、誕生月に国民年金および厚生年金保険の加入者（被保険者）には、年金加入記録の確認のため、「ねんきん定期便」が届きます。届出住所が現住所と異なっている場合、「ねんきん定期便」が届きませんので、住所が変った場合は住所変更を届け出ましょう。\n年金記録の確認は\nねんきんネット (https://www.nenkin.go.jp/n_net/index.html)\n年金定期便・年金専用ダイヤル　℡　0570-058-555\n★\t保険料納付期間が１０年に満たない方も年金事務所で確認しましょう！ 年金記録に漏れがないか。（基礎年金番号が他にないか。別の氏名で登録されたものがないか。 合算対象期間がないか。（特に永住者、日本国籍の方は海外の滞在期間が合算されます。）\n★\t資格期間を満たすために次のような方法があります。 ６０歳から６５歳まで国民年金に任意加入する。（1965年4月1日以前生まれの方は最長７０歳まで任意加入できます） 国民年金後納制度を使い未納期間を解消する。（2018年9月30日まで５年後納制度が適用されます）""}]"
2025/6/30,その他,ポルトガル語,食糧支援,電話,滋賀県に関する食糧支援の具体的な窓口情報は、提供された情報源には含まれていません。したがって、滋賀県内の食糧支援について確定的な事実を示すことはできません。必要であれば、滋賀県の公式窓口や市町相談窓口、NPO等の「食堂・配食」情報を参照して最新の案内をご案内します。,"[{""qa_id"": 286, ""カテゴリ名"": ""教育"", ""質問"": ""[小学校デビューQ＆A] 給食について教えてください。"", ""回答"": ""公立の学校では給食があります。食物アレルギーや宗教上などの配慮が必要なお子さんは必ず学校に知らせてください。保護者はお箸やコップなどの給食セットを準備しておきましょう。子どもは給食当番があります。当番で使った給食エプロンは、洗濯してアイロンをかけてまた翌週に持っていきます。""}, {""qa_id"": 339, ""カテゴリ名"": ""福祉"", ""質問"": ""子育て応援シリーズ②　ヤングケアラーって？　家族を丸ごと支援"", ""回答"": ""みなさん、こんにちは。滋賀県子ども青少年局です。本県では、「子ども・子ども・子ども」をキーワードに、「子どものために、子どもとともにつくる県政」を目指しています。 みなさんは、ヤングケアラーを知っていますか？ヤングケアラーとは、本来大人が担う家事や家族の世話を日常的に背負う子どもたちのことです。例えば、このようなケースがあります。\nケース１: 家事や幼いきょうだいの世話をしている\nケース２: 高齢の家族がいて、見守りや介護をしている\nケース３: 障害や病気のある家族がいて、介助や看病をしている\nケース４: 家計を支えるため、放課後は働いている\nケース５: 通訳等により、家族の意思疎通を支えている\n子どもにとって、「お手伝い」は成長につながる素晴らしい経験になります。しかし、その成長に見合わない重い責任や負担が続くことで、心や体の健康に影響が出てしまったり、子どもらしい時間を過ごすことができず、将来への夢や進路をあきらめてしまう子どもたちがいます。本人は「家族のサポートは当たり前」と考え、大好きな家族のため、苦しくても自身のSOSに気づかず相談できない、ということがあります。 本県では、このような子ども達と様々な問題を抱えるご家庭に「家族丸ごと支援」をキーワードに、ヤングケアラー支援を行っております。NPO法人を通して、相談窓口や似た境遇の仲間が集う場を提供している他、ヤングケアラー・コーディネーターを設置して支援にも取り組んでいます。\n外国籍の子どもたちの中には、言葉の壁のために本当の気持ちをいっぱい表現できず我慢したり、家族の通訳のために自分の時間が持てなかったりする子どもさんもいらっしゃいます。子どもらしく地域や家庭の中で「遊ぶ」「学ぶ」時間が保障される社会の実現のために、皆で支援していきましょう。子どもは社会の宝です。悩んでいるお子さん、ご家庭は、是非相談してください。　　　　（ヤングケアラー・コーディネーターより）\nこころんダイヤル\n子ども・青少年、保護者の悩みをお聞きします。\nTEL　077-524-2030\n午前9:00～午後9:00（12/29～1/3を除く）\n午後9:00以降は、24時間子どもSOSダイヤルにつながります。\n各市町相談窓口のご案内\n受けられる支援・サービスについてお問い合わせください。\nhttps://www.pref.shiga.lg.jp/file/attachment/5355506.pdf (https://www.pref.shiga.lg.jp/file/attachment/5355506.pdf)\n子どもたちがもっと笑顔に！　～いつもと違う場所で～\n滋賀県内には、子ども達を支えてくれる団体が沢山あります。\n「ヤングケアラー支援団体」（★）は、子どもたちが家庭などのことでしんどい時、ほっとしたい時、相談したい時に支えてくれる団体です。「子ども食堂」は、子どもたちが、無料、または低額で食事を楽しめる場です。（地域の大人も参加できる団体もあります。） 「居場所」は、子どもたちが好きに過ごせるスペースです。ちょっと遊びに行ってみよう！\nNPO法人 こどもソーシャルワークセンター\n- 内容: ★ヤングケアラー支援居場所・お弁当（配食）キャンプ\n- 開催場所: 大津市観音寺　9-8\n- 期間: 毎日\n- 問い合わせ先: 077-575-4378 https://liff.line.me/1645278921-kWRPP32q/?accountId=294hlbww (https://liff.line.me/1645278921-kWRPP32q/?accountId=294hlbww)\nNPO法人　芹川の河童\n- 内容: ★ヤングケアラー支援居場所・オンライン相談室\n- 開催場所: 彦根市河原2-3-4\n- 期間: 毎日\n- 問い合わせ先: 0749-20-9084 https://cswc2016.jp/ (https://cswc2016.jp/)\n多文化共生支援センター　SHIPS\n- 内容: 多文化子ども食堂\n- 開催場所: 草津市 草津1-13-12\n- 期間: 第４土曜\n- 問い合わせ先: 077-561-5110\nかんちゃんの小さな家\n- 内容: 多文化共生地域交流会・子ども食堂\n- 開催場所: 近江八幡市安土町浄楽寺956-2\n- 期間: 2か月に1回\n- 問い合わせ先: 090-3708-3315 https://kancyan-house.com/contact/ (https://kancyan-house.com/contact/)\nNPO法人　やんちゃ寺\n- 内容: 10代の居場所・子ども食堂\n- 開催場所: 草津市内\n- 期間: 第１、３、５土曜\n- 問い合わせ先: https://yanchadera.wixsite.com/yanchadera (https://yanchadera.wixsite.com/yanchadera)\nぱらでいろ\n- 内容: 居場所・子ども食堂\n- 開催場所: 愛荘町愛知川13-2\n- 期間: 第３金曜 夕食時\n- 問い合わせ先: 090-4030-1492 https://twitter.com/paradeiro12123 (https://twitter.com/paradeiro12123)\n大津　オルタナティブスクールトライアンフ\n- 内容: フリースクール・居場所 、水彩画教室\n- 開催場所: 大津市浜大津4-3-25\n- 期間: 火・水・金曜日\n- 問い合わせ先: 050-5374-0311 https://www.otsu-triumph.com/ (https://www.otsu-triumph.com/)\nちゃいるどビレッジ\n- 内容: こどもとおとなのサードプレイス（居場所）\n- 開催場所: 大津市比叡平2-39-4\n- 期間: 第４土曜 10～16時\n- 問い合わせ先: email：chimihirano@gmail.com\n・確認のため、連絡をしてからお出かけください。\n♪ もっといろんな子どもの居場所や食堂、遊び場があるよ ♪\n- 遊べる・学べる淡海子ども食堂（滋賀県内の子ども食堂）\n- 『しがこども体験学校』 「ふれあい」、「くらし・創作」、「自然」、「里山・田んぼ」、「文化芸術・歴史」の5つのテーマでさまざまな体験プログラムがあります。""}, {""qa_id"": 317, ""カテゴリ名"": ""出産・育児"", ""質問"": ""子育て応援シリーズ②　ヤングケアラーって？　家族を丸ごと支援"", ""回答"": ""みなさん、こんにちは。滋賀県子ども青少年局です。本県では、「子ども・子ども・子ども」をキーワードに、「子どものために、子どもとともにつくる県政」を目指しています。 みなさんは、ヤングケアラーを知っていますか？ヤングケアラーとは、本来大人が担う家事や家族の世話を日常的に背負う子どもたちのことです。例えば、このようなケースがあります。\nケース１: 家事や幼いきょうだいの世話をしている\nケース２: 高齢の家族がいて、見守りや介護をしている\nケース３: 障害や病気のある家族がいて、介助や看病をしている\nケース４: 家計を支えるため、放課後は働いている\nケース５: 通訳等により、家族の意思疎通を支えている\n子どもにとって、「お手伝い」は成長につながる素晴らしい経験になります。しかし、その成長に見合わない重い責任や負担が続くことで、心や体の健康に影響が出てしまったり、子どもらしい時間を過ごすことができず、将来への夢や進路をあきらめてしまう子どもたちがいます。本人は「家族のサポートは当たり前」と考え、大好きな家族のため、苦しくても自身のSOSに気づかず相談できない、ということがあります。 本県では、このような子ども達と様々な問題を抱えるご家庭に「家族丸ごと支援」をキーワードに、ヤングケアラー支援を行っております。NPO法人を通して、相談窓口や似た境遇の仲間が集う場を提供している他、ヤングケアラー・コーディネーターを設置して支援にも取り組んでいます。\n外国籍の子どもたちの中には、言葉の壁のために本当の気持ちをいっぱい表現できず我慢したり、家族の通訳のために自分の時間が持てなかったりする子どもさんもいらっしゃいます。子どもらしく地域や家庭の中で「遊ぶ」「学ぶ」時間が保障される社会の実現のために、皆で支援していきましょう。子どもは社会の宝です。悩んでいるお子さん、ご家庭は、是非相談してください。　　　　（ヤングケアラー・コーディネーターより）\nこころんダイヤル\n子ども・青少年、保護者の悩みをお聞きします。\nTEL　077-524-2030\n午前9:00～午後9:00（12/29～1/3を除く）\n午後9:00以降は、24時間子どもSOSダイヤルにつながります。\n各市町相談窓口のご案内\n受けられる支援・サービスについてお問い合わせください。\nhttps://www.pref.shiga.lg.jp/file/attachment/5355506.pdf (https://www.pref.shiga.lg.jp/file/attachment/5355506.pdf)\n子どもたちがもっと笑顔に！　～いつもと違う場所で～\n滋賀県内には、子ども達を支えてくれる団体が沢山あります。\n「ヤングケアラー支援団体」（★）は、子どもたちが家庭などのことでしんどい時、ほっとしたい時、相談したい時に支えてくれる団体です。「子ども食堂」は、子どもたちが、無料、または低額で食事を楽しめる場です。（地域の大人も参加できる団体もあります。） 「居場所」は、子どもたちが好きに過ごせるスペースです。ちょっと遊びに行ってみよう！\nNPO法人 こどもソーシャルワークセンター\n- 内容: ★ヤングケアラー支援居場所・お弁当（配食）キャンプ\n- 開催場所: 大津市観音寺　9-8\n- 期間: 毎日\n- 問い合わせ先: 077-575-4378 https://liff.line.me/1645278921-kWRPP32q/?accountId=294hlbww (https://liff.line.me/1645278921-kWRPP32q/?accountId=294hlbww)\nNPO法人　芹川の河童\n- 内容: ★ヤングケアラー支援居場所・オンライン相談室\n- 開催場所: 彦根市河原2-3-4\n- 期間: 毎日\n- 問い合わせ先: 0749-20-9084 https://cswc2016.jp/ (https://cswc2016.jp/)\n多文化共生支援センター　SHIPS\n- 内容: 多文化子ども食堂\n- 開催場所: 草津市 草津1-13-12\n- 期間: 土曜\n- 問い合わせ先: 077-561-5110\nかんちゃんの小さな家\n- 内容: 多文化共生地域交流会・子ども食堂\n- 開催場所: 近江八幡市安土町浄楽寺956-2\n- 期間: 年10回\n- 問い合わせ先: 090-3708-3315 https://kancyan-house.com/contact/ (https://kancyan-house.com/contact/)\nNPO法人　やんちゃ寺\n- 内容: 10代の居場所・子ども食堂\n- 開催場所: 草津市内\n- 期間: 第１、３、５土曜\n- 問い合わせ先: https://yanchadera.wixsite.com/yanchadera (https://yanchadera.wixsite.com/yanchadera)\nぱらでいろ\n- 内容: 居場所・子ども食堂\n- 開催場所: 愛荘町愛知川13-2\n- 期間: 第３金曜 夕食時\n- 問い合わせ先: 090-4030-1492 https://twitter.com/paradeiro12123 (https://twitter.com/paradeiro12123)\n大津　オルタナティブスクールトライアンフ\n- 内容: フリースクール・居場所 、水彩画教室\n- 開催場所: 大津市浜大津4-3-25\n- 期間: 火・水・金曜日\n- 問い合わせ先: 050-5374-0311 https://www.otsu-triumph.com/ (https://www.otsu-triumph.com/)\nちゃいるどビレッジ\n- 内容: こどもとおとなのサードプレイス（居場所）\n- 開催場所: 大津市比叡平2-39-4\n- 期間: 第４土曜 10～16時\n- 問い合わせ先: email：chimihirano@gmail.com\n・確認のため、連絡をしてからお出かけください。\n♪ もっといろんな子どもの居場所や食堂、遊び場があるよ ♪\n- 遊べる・学べる淡海子ども食堂（滋賀県内の子ども食堂）\n- 『しがこども体験学校』 「ふれあい」、「くらし・創作」、「自然」、「里山・田んぼ」、「文化芸術・歴史」の5つのテーマでさまざまな体験プログラムがあります。""}, {""qa_id"": 323, ""カテゴリ名"": ""出産・育児"", ""質問"": ""外国人住民のための子育て支援サイト"", ""回答"": ""（公財）かながわ国際交流財団が、子育て支援に関わる方々向けに、外国人住民へのご対応の際に役立つ情報を掲載しています。是非ご活用ください。\n支援者の方々へ (http://www.kifjp.org/child/supporters)""}, {""qa_id"": 215, ""カテゴリ名"": ""生活"", ""質問"": ""生活に困ったら"", ""回答"": ""市役所の福祉の窓口または、社会福祉協議会に相談しましょう。\n社会的包摂サポートセンター　よりそいホットライン\nTel: 0120-279-338""}]"
2025/12/17,その他,ポルトガル語,ガス給湯器について,来所,滋賀県国際協会の公開情報には、ガス給湯器の技術仕様や製品推奨、設置手順の詳細は含まれていません。そのため、ガス給湯器についての事実ベースの回答を提供することはできません。必要であれば、ガス給湯器の一般的な情報や設置時の留意点を他ソースと合わせて補足しますが、滋賀県国際協会の情報に限定した回答は現状難しいです。,[]

2025/10/22,交通・運転免許,スペイン語,弁護士からの手紙について,電話,弁護士からの手紙についての滋賀県国際協会の情報はS1に含まれていません。したがって、当協会の根拠情報としては提供できません。弁護士からの手紙に関する具体的な対応は、所在地の弁護士会または法テラス等の公式窓口にご相談ください。Ｓ1の「当番弁護士制度」および「法テラス」情報を参照してください。,"[{""qa_id"": 357, ""カテゴリ名"": ""事件・事故"", ""質問"": ""刑事事件を起こしてしまったら （事件・事故）"", ""回答"": ""被疑者の権利\n被疑者の権利として３つの権利が保障されています。\n1. 事実を知る権利\n2. 黙秘権\n3. 弁護人依頼権\n当番弁護士制度\n警察に逮捕、拘留された被疑者や家族の求めに応じて弁護士会が速やかに弁護士を被疑者のところに派遣する「当番弁護士」の制度があります。要請する場合ははっきりと申し出てください。\n滋賀弁護士会　当番弁護士専用電話　　TEL　077-522-2013\n民事法律扶助制度\n経済的に困っている人には、日本司法支援センター　(法テラス)　がありますので、当番弁護士が接見に来た際に相談してください 。\n法テラス [多言語ダイヤル]　TEL 0570-078-377\n法テラス [多言語] (http://www.houterasu.or.jp/multilingual/)\n国選弁護人\n起訴後、被告人は裁判のための弁護人を依頼することができます。経済的に無理な場合は、依頼すれば政府の国選弁護人をつけてくれます。""}]"
2025/11/5,交通・運転免許,ポルトガル語,運転免許証について,電話,滋賀県運転免許センターの所在地は守山市木浜町2294番地で、電話は077-585-1255です。外国免許から日本免許への切替時には、住民票の写しが原則必要です。運転免許の更新時には在留カードなどの確認書類が必要です。詳しくは滋賀県警察の関連ページをご確認ください。,"[{""qa_id"": 217, ""カテゴリ名"": ""生活"", ""質問"": ""運転免許証について"", ""回答"": ""滋賀県運転免許センター\n守山市木浜町2294番地　　℡　077-585-1255""}]"
2025/11/11,交通・運転免許,ポルトガル語,住所変更について,電話,引っ越し後14日以内に転居・転入届を新しい住所の市町役場で提出し、在留カードとマイナンバーカードの住所変更を行います。,"[{""qa_id"": 190, ""カテゴリ名"": ""生活"", ""質問"": ""引っ越し先が決まったら、何をしたらいいのでしょう？"", ""回答"": ""届け出\nお住まいの市町役場に転出届を出します。引っ越し後14日以内に、新住所の役場に転居、転入届を出し、在留カードとマイナンバーカードの住所変更も行います。\nまた、子どもさんがおられる方は、新しい保育園、幼稚園、学校への転入手続きも行います。職場、銀行への連絡や、運転免許証の住所変更も必要です。郵便局へ郵便物の転送届を出しておくと、引っ越し前の住所地に届いた郵便物を新住所に転送してもらえます。\n近所との付き合い\n日本では、引っ越した人が近所の人に挨拶をする習慣があります。近所の人と知り合って、ゴミの収集日や収集場所、災害時の避難場所など地域のルールを教えてもらいましょう。\n自治会\n地域ごとに住民が運営する自治会があります。自治会では、住民同士が地域での暮らしを良くするため、防犯、防災、美化活動を行ったり、地域の子どもたちがスポーツや祭りなどを楽しむ「子ども会」があるなど様々な活動をしています。それらの事業の運営のため、会員は自治会費を支払い、役割分担もあります。また、細かな地域の情報が掲載された「回覧板」が回ってきます。自治会は任意加入ですが、ゴミ収集場所の管理を自治会がしている場合など、加入が必要になることもあります。災害時などには近所同士の助け合いが必要になるので、近所とのお付き合いは大切にしましょう。\n※地域によって自治会の有無や活動内容、自治会費は異なりますので、必ず確認してください。""}]"
2025/11/18,交通・運転免許,ポルトガル語,転院先について,電話,転院先の検討については、滋賀県の情報サイト「医療ネットしが」の案内をご確認ください。特に、紹介状の有無や診療科の受け入れ体制、対応言語（英語、ハングル、中文）などの情報が掲載されています。詳しくは医療ネットしがWebサイトをご覧ください。,"[{""qa_id"": 229, ""カテゴリ名"": ""医療"", ""質問"": ""滋賀県の病院、医院の情報は"", ""回答"": ""医療ネットしがWebサイトをご覧ください。\n対応言語：英語、ハングル、中文""}]"
2025/4/16,交通・運転免許,ポルトガル語,自動車学校について,電話,滋賀県国際協会の情報に基づくと、自動車学校に関する直接の記載はS1〜S5には含まれていません。よって、滋賀県警察や運輸関連の公的情報を参照することをおすすめします。必要であれば、S1の自動車免許・運転免許関連の項目を参照してください。,"[{""qa_id"": 189, ""カテゴリ名"": ""生活"", ""質問"": ""安心して暮らすため　(3) 交通　知っておくと安心な交通ルールは？"", ""回答"": ""自転車に乗るとき\n自転車は幼児から高齢者まで幅広い層が利用する身近で環境にやさしい交通手段です。自転車は、道路交通法では軽車両に位置付けられており、「車のなかま」です。道路を通行するときは、基本は車道の左側通行、歩道を走るときは歩行者が優先です。交通ルールを守り、安全運転を心掛けましょう。\n☆2026年4月1日から自転車への青切符（交通反則通告制度）が導入されます。\n警察官が自転車の交通違反を認知した場合、基本的には指導警告を行います。ただし、その違反が交通事故の原因となるような、悪質・危険な違反であったときは取締りを行います。 （※取締りの対象は16歳以上の運転者となり、16歳未満の者には原則として指導警告を行います。） 例えば…　傘を差しながらの運転や、二人乗りも違反になり、反則金の対象となります。\n詳しくは：\n警察庁より「自転車交通安全」 (https://www.npa.go.jp/bureau/traffic/bicycle/portal/system.html)\n交通事故の被害を軽減するためには、頭部を守ることがとても重要なため、必ずヘルメットを着用するようにしましょう。（2023年４月１日、全ての自転車利用者のヘルメット着用が努力義務化になりました） ※ 滋賀県では自転車保険への加入が義務化されています。自転車による事故で他人に対しての損害を補償するための「自転車損害賠償保険」には必ず加入しましょう。\n自動車（車やオートバイ）を運転するとき\n☆運転免許\n外国籍の方の運転免許のルールが2025年10月１日から変わりました。\n1. 外国免許から日本の免許への切り替えには、運転免許申請時に、申請者の国籍に関わりなく、原則「住民票の写し」が必要になります。\n2. 免許の更新には、現在所有している免許証の他、在留カード、特別永住者証明書、住民票のいずれかの確認書類の提示が必要です。\n詳しくは、滋賀県警察ホームページ↓\n- 外国免許の切り替えについて (https://www.pref.shiga.lg.jp/police/menkyo/kokugai/301012.html)\n- 免許の更新について (https://www.pref.shiga.lg.jp/police/menkyo/koshin/104520.html#22)\n☆自動車保険\n自動車保険は「自賠責保険（共済）」と「任意保険（共済）」の二種類があります。\n自賠責保険（共済）\n車やオートバイ（電動キックボードやモペットを含む）などすべての自動車について、自賠責保険（共済）の加入が必要です。自賠責保険（共済）は人身事故の補償を対象とした強制加入のもので、未加入運転の場合には罰則があります。\n任意保険（共済）\n自賠責保険（共済）では物損事故などは保険金の支払の対象ではないため、それを補うために任意保険（共済）があります。加入は義務ではありません。\n自賠責保険・共済制度について (https://www.mlit.go.jp/jidosha/jibaiseki/about/overview/index.html)\n☆自動車税\n自動車税は4月１日現在の所有者が一年分の自動車税を納めます。所有していた自動車を他人に譲ったり、使わなくなったときは、名義変更や廃車の登録手続きをしてください。\n☆自動車の登録\n自動車の登録手続きは運輸支局や自動車検査登録事務所で行うことができます。\n- 新しく自動車を購入したとき ・・・・・・・・・・・・・・・新規登録\n- 自動車の所有者や使用者の名前や住所に変更があるとき・・・変更登録\n- 自動車の所有者が変わるとき（名義変更）・・・・・・・・・・移転登録\n- 自動車を解体するとき（廃車）、自動車を輸出するとき・・・・抹消登録\nオートバイの登録はその排気量によって行うところが異なります。\n- 原付バイク（50～125cc）・・・・・・・・・・・・・・所有者が住民登録をしている市役所\n- 軽二輪バイク、中型・大型バイク（12６cc以上）・・・・所有者の住所を管轄している運輸支局\n滋賀運輸支局：守山市木浜町2298-5\n☆車庫証明（保管場所証明申請）\n自動車保管場所証明申請は、以下の場合に必要です。\n- 新車を購入したとき・・・・・・・・・・・・・・新規登録\n- 中古車を購入したとき・・・・・・・・・・・・・移転登録\n- 引っ越しなどで住所が変わったとき・・・・・・・変更登録\n保管場所の位置を管轄する警察署に申請してください。\n軽自動車等の保管場所届出について\n滋賀県では、大津市（ただし、旧志賀町を除きます）と草津市、彦根市は保管場所届出適用地域に指定されており、軽自動車を持つときに保管場所の届出が必要です。\n届出が必要になるのは、こんなときです。\n- 適用地域にお住まいで、軽自動車を新しく持つ（買う・譲り受ける）とき\n- 他の市町から、適用地域へ転入し、軽自動車を使う場所が変わったとき\nもし交通事故にあったら\n事故を起こしてしまったら…\n- すぐに運転をやめて安全な場所に車両を停めること\n- 相手が負傷している場合は救急車（119）を呼ぶ\n- 次に警察（110）に通報する\n- 警察が到着するまで待ち、その後は事故の状況を報告し、警察の指示に従う\nまた、事故にあった場合はケガをしていない、軽傷と思っても、あとから症状が出る場合もあるので、一度医師に診てもらうようにしましょう。\n※「交通事故証明書」は自動車安全運転センターに申請して取得できます。\n自動車安全運転センター\n守山市木浜町2294（滋賀県警察本部運転免許センター内）\nTel: 077-585-3456""}]"

2025/4/1,住宅,ポルトガル語,ソーラーパネルについて,電話,ソーラーパネル自体の一般的な仕組みや利点・欠点については、滋賀県国際協会の公式情報には具体的な技術仕様や最新の普及状況の記述が見当たりません。したがって、滋賀県国際協会が提供する情報の範囲内では、ソーラーパネルに関する事実を特定することはできません。もし滋賀県国際協会の公式資料で扱われている場合は、その資料をご提示いただければ、事実ベースで要約します。,[]
2025/9/22,住宅,タガログ語,県営住宅について,電話,県営住宅は滋賀県が管理する公営住宅で、県内各地域に物件があり、年4回（4月、7月、10月、1月）募集があります。定員や条件は所得制限などがあり、入居には抽選が行われます。県営住宅の情報は滋賀県営住宅管理センター等で案内されています。詳細は以下の窓口・サイトを参照してください。滋賀県には県営住宅があり、募集時期は年4回です。,"[{""qa_id"": 327, ""カテゴリ名"": ""住宅"", ""質問"": ""住む家を探すには？"", ""回答"": ""住まい探しに役立つ情報です。住宅には、「公営住宅」、「賃貸住宅」、「持ち家」などがあります。\n公営住宅\n所得の低い人など一定の条件を満たす人を対象に、公的な住宅があります。定期的に募集をおこない、抽選によって入居が決定します。滋賀県には県営住宅と、市町によって市営や町営住宅があるところもあります。在留資格や所得の要件があるので、確認してください。\n県営住宅\n滋賀県には、県営住宅が県内各地域にあり、年4回（４月、７月、１０月、１月）募集があります。\n市営町営住宅\nお住まいの市町役場に問い合わせてください。\n賃貸住宅\n一般に、日本では不動産屋で物件を探し、書面で契約を結びます。契約時、物件により、礼金や敷金が必要になります。（礼金は家主へのお礼として支払うお金で戻ってきません。敷金とは退去時に原状回復のために使われ、一部戻ってくる場合もあります。）また、連帯保証人が必要な場合と、家賃保証会社を利用する場合があります。その他、不動産屋への仲介手数料の支払いがあります。契約に火災保険の加入が含まれる場合が一般的です。その他、管理費や２年ごとに更新料を支払う必要がある場合が多いです。\nお役立ちサイト\n- [ 不動産情報検索サイト ] （公社）滋賀県宅地建物取引業協会 (https://www.hatomarksite.com/search/shiga/)\n- [ 外国語が話せる不動産店一覧 ] （公財）日本賃貸住宅管理協会 (https://www.jpm.jp/multilingual/index.html)\n- [ 外国人の民間賃貸住宅への円滑な入居について ]　国土交通省 (https://www.mlit.go.jp/jutakukentiku/house/jutakukentiku_house_tk3_000017.html)\n滋賀県の居住支援・住宅セーフティネット制度\n滋賀県での高齢者世帯、障害者世帯、外国人世帯、子育て世帯の入居を受け入れる民間賃貸住宅等の情報です。\n- 滋賀県のセーフティネット住宅 (https://safetynet-jutaku.mlit.go.jp/guest/apart_list.php?pref=25)\n- 滋賀あんしん賃貸住宅 (https://www.pref.shiga.lg.jp/ippan/kendoseibi/zyuutaku/300196.html)\n火災保険\n住宅は賃貸や持ち家にかかわらず、火災保険に加入する必要があります。\n賃貸アパートやマンションなどの場合、入居時や更新時に「大家」と「入居者」がそれぞれ火災保険に加入するケースが一般的です。建物は大家の資産なので、建物に対する火災保険は大家が加入して保険料を支払い、室内の家具や家電などの家財道具に対する保険は、入居者が加入し保険料を支払います。持ち家であれば建物と家財の両方を補償する火災保険に入ります。\n持ち家\n日本では、不動産を購入する際に国籍や在留資格に基づく制限はありません。ただし住宅ローンの借り入れは、永住者や特別永住者の在留資格をお持ちの方に限られています。年齢や所得、勤続年数などの基準を満たし、審査に通ると住宅ローンを組むことができます。また、要件などを満たせば、確定申告で住宅ローン控除を受けることができます。住宅を購入した後、経済状況に変化があった場合は、住宅ローンの借り換えや返済について、銀行に条件変更の相談をしましょう。\nまた、１月１日に住宅を所有している人は、その資産をもとに算定した固定資産税をお住まいの市町役場に支払います。\n空き家バンク\n空き家の賃貸・売却を希望する人が登録した情報を、空き家の利活用を希望する人に紹介する制度です。希望する市町役場の住宅課に空き家バンクがあるかたずねてください。\n- 空き家バンク (https://www.akiya-athome.jp/buy/25/)\n困ったときの相談窓口　（相談無料）\n入居中・契約の解除・明渡し時のトラブルなどの相談窓口: ・滋賀県消費生活センター（彦根）/ TEL 0749-23-0999\n住宅取得や不具合、事業者とのトラブルなど様々な住宅についての相談窓口: ・住まいるダイヤル/ TEL 03-3556-5147\n引っ越し先が決まったら、何をしたらいいのでしょう？\n届け出\nお住まいの市町役場に転出届を出します。引っ越し後14日以内に、新住所の役場に転居、転入届を出し、在留カードとマイナンバーカードの住所変更も行います。また、子どもさんがおられる方は、新しい保育園、幼稚園、学校への転入手続きも行います。職場、銀行への連絡や、運転免許証の住所変更も必要です。郵便局へ郵便物の転送届を出しておくと、引っ越し前の住所地に届いた郵便物を新住所に転送してもらえます。\n近所との付き合い\n日本では、引っ越した人が近所の人に挨拶をする習慣があります。近所の人と知り合って、ゴミの収集日や収集場所、災害時の避難場所など地域のルールを教えてもらいましょう。\n自治会\n地域ごとに住民が運営する自治会があります。自治会では、住民同士が地域での暮らしを良くするため、防犯、防災、美化活動を行ったり、地域の子どもたちがスポーツや祭りなどを楽しむ「子ども会」があるなど様々な活動をしています。それらの事業の運営のため、会員は自治会費を支払い、役割分担(ぶんたん)もあります。また、細かな地域の情報が掲載された「回覧板」が回ってきます。自治会は任意加入ですが、ゴミ収集場所の管理を自治会がしている場合など、加入が必要になることもあります。災害時などには近所同士の助け合いが必要になるので、近所とのお付き合いは大切にしましょう。\n※地域によって自治会の有無や活動内容、自治会費は異なりますので、必ず確認してください。""}]"
2025/7/16,住宅,スペイン語,火災保険について,電話,火災保険は住宅の形態に関わらず加入が望ましく、賃貸物件では建物部分の保険料は大家が、室内の家財は入居者が別々に加入するケースが一般的です。持ち家の場合は建物と家財の両方を補償する保険に加入します。,"[{""qa_id"": 235, ""カテゴリ名"": ""年金・保険"", ""質問"": ""火災保険について"", ""回答"": ""住宅は賃貸や持ち家にかかわらず、火災保険に加入する必要があります。 賃貸アパートやマンションなどの場合、入居時や更新時に「大家」と「入居者」がそれぞれ火災保険に加入するケースが一般的です。建物は大家の資産なので、建物に対する火災保険は大家が加入して保険料を支払い、室内の家具や家電などの家財道具に対する保険は、入居者が加入し保険料を支払います。持ち家であれば建物と家財の両方を補償する火災保険に入ります。""}]"
2025/7/25,住宅,スペイン語,火災保険の手続きについて,電話,滋賀県国際協会の情報に基づくと、手続きの要点としては、入居者は室内の家財を対象とする火災保険に加入し、賃貸物件では建物部分の保険料は大家が負担するケースが一般的です。持ち家の場合は建物と家財の両方を補償する火災保険に加入します。保険手続き自体の具体的な申込み方法や必要書類については、滋賀県内の保険会社窓口やオンライン申込みをご利用ください。,"[{""qa_id"": 235, ""カテゴリ名"": ""年金・保険"", ""質問"": ""火災保険について"", ""回答"": ""住宅は賃貸や持ち家にかかわらず、火災保険に加入する必要があります。 賃貸アパートやマンションなどの場合、入居時や更新時に「大家」と「入居者」がそれぞれ火災保険に加入するケースが一般的です。建物は大家の資産なので、建物に対する火災保険は大家が加入して保険料を支払い、室内の家具や家電などの家財道具に対する保険は、入居者が加入し保険料を支払います。持ち家であれば建物と家財の両方を補償する火災保険に入ります。""}]"
2025/12/15,住宅,日本語（ベトナム）,住民の迷惑行為,電話,滋賀県国際協会の情報に基づくと、住民の迷惑行為については、公式の相談窓口や対応ガイドが案内されています。具体的な迷惑行為の対処には、まず自治会や市町役場の窓口、滋賀県消費生活センターなどへ相談するのが一般的です。転居時の手続きや地域ルールの確認、自治会の有無や活動内容の把握も重要です。万一、深刻な迷惑行為やトラブルが発生した場合は、警察や専門窓口へ相談してください。,"[{""qa_id"": 327, ""カテゴリ名"": ""住宅"", ""質問"": ""住む家を探すには？"", ""回答"": ""住まい探しに役立つ情報です。住宅には、「公営住宅」、「賃貸住宅」、「持ち家」などがあります。\n公営住宅\n所得の低い人など一定の条件を満たす人を対象に、公的な住宅があります。定期的に募集をおこない、抽選によって入居が決定します。滋賀県には県営住宅と、市町によって市営や町営住宅があるところもあります。在留資格や所得の要件があるので、確認してください。\n県営住宅\n滋賀県には、県営住宅が県内各地域にあり、年4回（４月、７月、１０月、１月）募集があります。\n市営町営住宅\nお住まいの市町役場に問い合わせてください。\n賃貸住宅\n一般に、日本では不動産屋で物件を探し、書面で契約を結びます。契約時、物件により、礼金や敷金が必要になります。（礼金は家主へのお礼として支払うお金で戻ってきません。敷金とは退去時に原状回復のために使われ、一部戻ってくる場合もあります。）また、連帯保証人が必要な場合と、家賃保証会社を利用する場合があります。その他、不動産屋への仲介手数料の支払いがあります。契約に火災保険の加入が含まれる場合が一般的です。その他、管理費や２年ごとに更新料を支払う必要がある場合が多いです。\nお役立ちサイト\n- [ 不動産情報検索サイト ] （公社）滋賀県宅地建物取引業協会 (https://www.hatomarksite.com/search/shiga/)\n- [ 外国語が話せる不動産店一覧 ] （公財）日本賃貸住宅管理協会 (https://www.jpm.jp/multilingual/index.html)\n- [ 外国人の民間賃貸住宅への円滑な入居について ]　国土交通省 (https://www.mlit.go.jp/jutakukentiku/house/jutakukentiku_house_tk3_000017.html)\n滋賀県の居住支援・住宅セーフティネット制度\n滋賀県での高齢者世帯、障害者世帯、外国人世帯、子育て世帯の入居を受け入れる民間賃貸住宅等の情報です。\n- 滋賀県のセーフティネット住宅 (https://safetynet-jutaku.mlit.go.jp/guest/apart_list.php?pref=25)\n- 滋賀あんしん賃貸住宅 (https://www.pref.shiga.lg.jp/ippan/kendoseibi/zyuutaku/300196.html)\n火災保険\n住宅は賃貸や持ち家にかかわらず、火災保険に加入する必要があります。\n賃貸アパートやマンションなどの場合、入居時や更新時に「大家」と「入居者」がそれぞれ火災保険に加入するケースが一般的です。建物は大家の資産なので、建物に対する火災保険は大家が加入して保険料を支払い、室内の家具や家電などの家財道具に対する保険は、入居者が加入し保険料を支払います。持ち家であれば建物と家財の両方を補償する火災保険に入ります。\n持ち家\n日本では、不動産を購入する際に国籍や在留資格に基づく制限はありません。ただし住宅ローンの借り入れは、永住者や特別永住者の在留資格をお持ちの方に限られています。年齢や所得、勤続年数などの基準を満たし、審査に通ると住宅ローンを組むことができます。また、要件などを満たせば、確定申告で住宅ローン控除を受けることができます。住宅を購入した後、経済状況に変化があった場合は、住宅ローンの借り換えや返済について、銀行に条件変更の相談をしましょう。\nまた、１月１日に住宅を所有している人は、その資産をもとに算定した固定資産税をお住まいの市町役場に支払います。\n空き家バンク\n空き家の賃貸・売却を希望する人が登録した情報を、空き家の利活用を希望する人に紹介する制度です。希望する市町役場の住宅課に空き家バンクがあるかたずねてください。\n- 空き家バンク (https://www.akiya-athome.jp/buy/25/)\n困ったときの相談窓口　（相談無料）\n入居中・契約の解除・明渡し時のトラブルなどの相談窓口: ・滋賀県消費生活センター（彦根）/ TEL 0749-23-0999\n住宅取得や不具合、事業者とのトラブルなど様々な住宅についての相談窓口: ・住まいるダイヤル/ TEL 03-3556-5147\n引っ越し先が決まったら、何をしたらいいのでしょう？\n届け出\nお住まいの市町役場に転出届を出します。引っ越し後14日以内に、新住所の役場に転居、転入届を出し、在留カードとマイナンバーカードの住所変更も行います。また、子どもさんがおられる方は、新しい保育園、幼稚園、学校への転入手続きも行います。職場、銀行への連絡や、運転免許証の住所変更も必要です。郵便局へ郵便物の転送届を出しておくと、引っ越し前の住所地に届いた郵便物を新住所に転送してもらえます。\n近所との付き合い\n日本では、引っ越した人が近所の人に挨拶をする習慣があります。近所の人と知り合って、ゴミの収集日や収集場所、災害時の避難場所など地域のルールを教えてもらいましょう。\n自治会\n地域ごとに住民が運営する自治会があります。自治会では、住民同士が地域での暮らしを良くするため、防犯、防災、美化活動を行ったり、地域の子どもたちがスポーツや祭りなどを楽しむ「子ども会」があるなど様々な活動をしています。それらの事業の運営のため、会員は自治会費を支払い、役割分担(ぶんたん)もあります。また、細かな地域の情報が掲載された「回覧板」が回ってきます。自治会は任意加入ですが、ゴミ収集場所の管理を自治会がしている場合など、加入が必要になることもあります。災害時などには近所同士の助け合いが必要になるので、近所とのお付き合いは大切にしましょう。\n※地域によって自治会の有無や活動内容、自治会費は異なりますので、必ず確認してください。""}, {""qa_id"": 186, ""カテゴリ名"": ""在留・住民手続"", ""質問"": ""住民手続きについて"", ""回答"": ""- 住民基本台帳について (http://www.soumu.go.jp/main_sosiki/jichi_gyousei/c-gyousei/zairyu/related_materials-publicity_leaflets-etc.html)\n- マイナンバー制度について (https://www.digital.go.jp/policies/mynumber) マイナンバーカードについて (https://www.kojinbango-card.go.jp/)\n- 転入・転出について (http://www.soumu.go.jp/main_sosiki/jichi_gyousei/c-gyousei/zairyu/move-in_move-out.html)""}]"

2025/4/2,入管手続,スペイン語,ビザの更新について,来所,滋賀県国際協会の情報に基づくと、ビザの更新に関する具体的な新情報は提供されていません。出典S1～S5には健康保険や成年年齢、雇用契約等の話題が含まれますが、ビザ更新手続き自体の要件や手順の記載はありません。必要であれば、現地の入国管理局や公式ガイドをご確認ください。,"[{""qa_id"": 249, ""カテゴリ名"": ""年金・保険"", ""質問"": ""健康保険の被扶養者は「国内居住者」に限定されます"", ""回答"": ""2020年４月より、企業の従業員が入る公的医療保険「健康保険」の被扶養者の認定要件に、「原則として国内に居住していること」が追加され、海外在住の被扶養者は外れることになりました。ただし、日本に居住していない被扶養者のうち、日本に生活の基礎があると認められるもの（海外留学、海外赴任の同行家族、観光ボランティア等のための一時的渡航者など）については、 例外的に要件を満たすこととされています。一方、国内に住所があっても、医療滞在ビザで来日した者や観光・保養を目的とするロングステイビザで来日した者は被扶養者認定されません。""}]"
2025/4/7,入管手続,"日本語
（フィリピン）",在留資格更新について,電話,滋賀県在住の方の在留資格更新に関する一般的な手続きは、在留資格の変更・更新は在留関係手続きページ（MOJ）にて案内されています。在留期間の満了日が近づく場合は、更新申請を行い、無事に更新が認められれば在留期間が延長されます。新しい在留資格への移行時には、居住地の市区町村窓口や大阪入国管理局大津出張所等で手続きします。なお、具体的な時期・書類・期限などの詳細は滋賀県在住者向け案内および MOJ の在留関係手続きページを確認してください。,"[{""qa_id"": 185, ""カテゴリ名"": ""在留・住民手続"", ""質問"": ""在留について"", ""回答"": ""日本に住む外国人には、それぞれの滞在目的に従って在留資格と在留期間が与えられます。おのおのの「在留資格」には活動できる内容が厳格に規定されています。\n関連ページ\n出入国在留管理庁 (http://www.moj.go.jp/isa/index.html)\n在留関係の手続きについては\n在留関係手続き (https://www.moj.go.jp/isa/applications/index.html)\n入国後の在留関係の手続き\n滋賀県在住の方は、\n大阪入国管理局大津出張所\nで行います。\n大阪入国管理局大津出張所 (http://www.moj.go.jp/isa/about/region/osaka/index.html)\n大津市京町3-1-1 大津びわ湖合同庁舎6階　　℡：077-511-4231\n一般的な内容についての相談\n外国人在留インフォメーションセンター・ワンストップ型相談センター（入国管理局）に外国語で問い合わせることもできます。\n外国人在留インフォメーションセンター (http://www.moj.go.jp/isa/consultation/center/japanese.html)\n℡ 0570-013904（ＩＰ, ＰＨＳ, 海外: 03-5796-7112）\n新しい在留資格への移行により、平成24年7月9日より前の住所は住民票には記載されません。 ※これまで市区町村で保管されていた「外国人登録原票」は、平成24年7月9日から法務省で保管されています。\n外国人登録原票に係る開示請求について（法務省HPへリンク） (http://www.moj.go.jp/isa/applications/disclosure/foreigner.html)""}]"
2025/4/14,入管手続,タガログ語,在留資格について,電話,滋賀県在住の外国人には、それぞれの滞在目的に応じた在留資格と在留期間が与えられ、在留資格には活動できる内容が厳格に規定されています。滋賀県内の関連手続きは、在留関係の手続き・相談窓口情報を参考にしてください。,"[{""qa_id"": 185, ""カテゴリ名"": ""在留・住民手続"", ""質問"": ""在留について"", ""回答"": ""日本に住む外国人には、それぞれの滞在目的に従って在留資格と在留期間が与えられます。おのおのの「在留資格」には活動できる内容が厳格に規定されています。\n関連ページ\n出入国在留管理庁 (http://www.moj.go.jp/isa/index.html)\n在留関係の手続きについては\n在留関係手続き (https://www.moj.go.jp/isa/applications/index.html)\n入国後の在留関係の手続き\n滋賀県在住の方は、\n大阪入国管理局大津出張所\nで行います。\n大阪入国管理局大津出張所 (http://www.moj.go.jp/isa/about/region/osaka/index.html)\n大津市京町3-1-1 大津びわ湖合同庁舎6階　　℡：077-511-4231\n一般的な内容についての相談\n外国人在留インフォメーションセンター・ワンストップ型相談センター（入国管理局）に外国語で問い合わせることもできます。\n外国人在留インフォメーションセンター (http://www.moj.go.jp/isa/consultation/center/japanese.html)\n℡ 0570-013904（ＩＰ, ＰＨＳ, 海外: 03-5796-7112）\n新しい在留資格への移行により、平成24年7月9日より前の住所は住民票には記載されません。 ※これまで市区町村で保管されていた「外国人登録原票」は、平成24年7月9日から法務省で保管されています。\n外国人登録原票に係る開示請求について（法務省HPへリンク） (http://www.moj.go.jp/isa/applications/disclosure/foreigner.html)""}]"
2025/6/13,入管手続,日本語（日本）,永住申請について,電話,滋賀県在住の方の永住申請に関する具体的な手続き情報は、提供された出典には記載がありません。永住権の取得手続きや要件については、出入国在留管理庁の公式情報をご確認ください。滋賀県としての窓口案内は、大津出張所での在留関係手続き案内が挙げられています。,"[{""qa_id"": 185, ""カテゴリ名"": ""在留・住民手続"", ""質問"": ""在留について"", ""回答"": ""日本に住む外国人には、それぞれの滞在目的に従って在留資格と在留期間が与えられます。おのおのの「在留資格」には活動できる内容が厳格に規定されています。\n関連ページ\n出入国在留管理庁 (http://www.moj.go.jp/isa/index.html)\n在留関係の手続きについては\n在留関係手続き (https://www.moj.go.jp/isa/applications/index.html)\n入国後の在留関係の手続き\n滋賀県在住の方は、\n大阪入国管理局大津出張所\nで行います。\n大阪入国管理局大津出張所 (http://www.moj.go.jp/isa/about/region/osaka/index.html)\n大津市京町3-1-1 大津びわ湖合同庁舎6階　　℡：077-511-4231\n一般的な内容についての相談\n外国人在留インフォメーションセンター・ワンストップ型相談センター（入国管理局）に外国語で問い合わせることもできます。\n外国人在留インフォメーションセンター (http://www.moj.go.jp/isa/consultation/center/japanese.html)\n℡ 0570-013904（ＩＰ, ＰＨＳ, 海外: 03-5796-7112）\n新しい在留資格への移行により、平成24年7月9日より前の住所は住民票には記載されません。 ※これまで市区町村で保管されていた「外国人登録原票」は、平成24年7月9日から法務省で保管されています。\n外国人登録原票に係る開示請求について（法務省HPへリンク） (http://www.moj.go.jp/isa/applications/disclosure/foreigner.html)""}]"
2025/5/22,入管手続,スペイン語,在留資格の更新について,電話,滋賀県在住の方の在留資格更新に関する具体的な手続きは、在留関係手続きページおよび大阪入国管理局大津出張所で案内があります。手続きの詳細は滋賀県在住の方は大阪入国管理局大津出張所の窓口または外国人在留インフォメーションセンターに問い合わせてください。,"[{""qa_id"": 185, ""カテゴリ名"": ""在留・住民手続"", ""質問"": ""在留について"", ""回答"": ""日本に住む外国人には、それぞれの滞在目的に従って在留資格と在留期間が与えられます。おのおのの「在留資格」には活動できる内容が厳格に規定されています。\n関連ページ\n出入国在留管理庁 (http://www.moj.go.jp/isa/index.html)\n在留関係の手続きについては\n在留関係手続き (https://www.moj.go.jp/isa/applications/index.html)\n入国後の在留関係の手続き\n滋賀県在住の方は、\n大阪入国管理局大津出張所\nで行います。\n大阪入国管理局大津出張所 (http://www.moj.go.jp/isa/about/region/osaka/index.html)\n大津市京町3-1-1 大津びわ湖合同庁舎6階　　℡：077-511-4231\n一般的な内容についての相談\n外国人在留インフォメーションセンター・ワンストップ型相談センター（入国管理局）に外国語で問い合わせることもできます。\n外国人在留インフォメーションセンター (http://www.moj.go.jp/isa/consultation/center/japanese.html)\n℡ 0570-013904（ＩＰ, ＰＨＳ, 海外: 03-5796-7112）\n新しい在留資格への移行により、平成24年7月9日より前の住所は住民票には記載されません。 ※これまで市区町村で保管されていた「外国人登録原票」は、平成24年7月9日から法務省で保管されています。\n外国人登録原票に係る開示請求について（法務省HPへリンク） (http://www.moj.go.jp/isa/applications/disclosure/foreigner.html)""}]"

2025/7/14,出産・子育て全般,タガログ語,出産一時金について,E-Mail,出産育児一時金は、正常な妊娠・出産は病気ではないため健康保険の対象外となるが、直接払いの手続きを行えば出産費用を補助します。補助額は一児につき50万円（重度の脳性麻痺を保障する制度に加入していない病院では48.8万円）。対象者は妊娠4ヵ月（85日）以降の出産で、死産を含みます。手続きは病院で行い、利用申込書類に署名します。出産育児一時金の詳細は、出産育児一時金の公式ページをご参照ください。,"[{""qa_id"": 320, ""カテゴリ名"": ""出産・育児"", ""質問"": ""【健康保険シリーズ5】子どもが生まれたら"", ""回答"": ""健康保険は病気になったときの給付だけではありません。他にもさまざまな給付があります。今日はその中でも、出産にかかわる健康保険からの給付をご紹介します。出産を控えている方にはぜひ知っておいて欲しい制度です。\n出産は保険が使えるの？「出産育児一時金」\n正常な妊娠・出産は病気ではありませんので、健康保険の対象外となります。3割負担での受診はできません。\nしかし「出産育児一時金」の直接払いの手続きをすれば、出産費用が補助されます。\n病院では補助される額を超えた分のみの費用負担で済みます。\n補助額\n一児につき50万円\n（重度の脳性麻痺を保障する制度に加入していない病院では４8.８万円）\n対象者\n妊娠４ヵ月（８５日）以降の出産で、死産を含みます。\n手続き方法\n病院で手続きができます。利用申込の書類に署名してください。\n出産育児一時金 URL: https://www.kyoukaikenpo.or.jp/g6/cat620/r310/ (https://www.kyoukaikenpo.or.jp/g6/cat620/r310/)\n*頁右上の Select language で言語を選択（英語、中国語（簡体字、繁体字）、韓国語、スペイン語、ポルトガル語）\n出産で会社を休んだら？　「出産手当金」\n妊娠や出産で長期間仕事を休むと、お給料が支払われなくなり生活に困ることもあります。しかし会社で健康保険に加入して働いている方は、「出産手当金」を請求すれば生活保障として手当金が支給されます。（扶養家族の出産は対象外です。また市町村の国民健康保険には、この制度はありません）\n給付額\n直近一年間のお給料を平均した額のおおよそ2/3\n対象期間\n出産日以前42日間（多胎妊娠は98日間）＋出産日後56日間\n手続き方法\n会社を通して健康保険に申請してください。\n出産手当金 URL: https://www.kyoukaikenpo.or.jp/g6/cat620/r311/ (https://www.kyoukaikenpo.or.jp/g6/cat620/r311/)\n*頁右上の Select language で言語を選択\nまた毎月のお給料から引かれている社会保険料も、産休中は支払いが免除されます。\n会社の総務の方に相談してみてください。""}]"
2025/4/17,出産・子育て全般,ポルトガル語,児童扶養手当について,電話,児童扶養手当については、提供されている情報には具体的な説明が含まれていません。滋賀県国際協会の情報源には児童扶養手当の直接的な記載はなく、公的制度としての児童手当の概要や他の教育・保育支援制度が記載されています。児童扶養手当の詳しい要件・支給額・申請先は市町の窓口や内閣府・日本の関連機関の案内をご確認ください。,"[{""qa_id"": 319, ""カテゴリ名"": ""出産・育児"", ""質問"": ""子どもたちが安心して育つために　～公的援助制度について～"", ""回答"": ""子育てには養育費・教育費などたくさんのお金がかかります。日本には、子育てを経済的に援助する様々な公的制度があります。申請の必要なものもありますので、それぞれの申請時期を確認してうまく利用しましょう。\n児童手当制度\n生後から高校修了年代までの児童を養育している方へ児童手当が支給されます。０歳～２歳に月１万５千円、３歳～18歳の最初の３月末までに月１万円、第３子以降は月３万円が支給されます。父母が別居している場合は、児童と同居している方に優先的に支給され、また、父母が海外に住んでいる場合、日本国内で児童を養育している方を指定すれば、その方に支給されます。\n[ 問合せ ]\n各市町\n幼児教育、保育、小中学校の授業料の無償化\n幼稚園、保育園、認定こども園の３～５歳児クラスの利用料は無料です。住民税非課税世帯は　０～２歳児クラスでも無料になります。また就労等の保育の必要性の認定を受ければ、預かり保育の利用にも補助が出ます。公立小中学校の授業料も無償化の対象です。\n[ 問合せ ]\n各市町　内閣府HP\n内閣府HP (https://www8.cao.go.jp/shoushi/shinseido/musyouka/about/index.html)\n就学援助制度\n公立の小中学校に就学している児童生徒の保護者に、学用品、通学用品、PTA会費等就学に必要な費用の一部を援助する制度です。生活保護対象の保護者、およびそれに準ずる保護者が対象です。\n[ 問合せ ]\n在籍している小中学校や市町教育委員会\n高等学校等就学支援制度\n年収９１０万円未満の世帯に対して、高校等（高専、高等専修学校等を含む）に在学する生徒の授業料について支援されます。保護者の方に直接支給されるのではなく、学校が受け取り、授業料に充当されます。\n[ 問合せ ]\n在籍している学校を通じて申請\n高校生等奨学給付金\n授業料以外の教育費負担を軽減するため、高校生等がいる低所得者世帯を対象に支援があります。\n[ 問合せ ]\n在学している学校を通じて、私立の場合は滋賀県総務部私学・県立大学振興課、国公立の場合は、滋賀県教育委員会教育総務課\n高等教育の修学支援新制度（授業料等減免と給付型奨学金）\n世帯収入等により、大学や専門学校などの授業料・入学金の免除または減額や給付型の奨学金の支給支援があります。高等学校在学中にも申請できます。\n[ 問合せ ]\n在籍、入学予定の学校・日本学生支援機構""}]"
2025/4/9,出産・子育て全般,英語,予約時間の変更依頼,電話,予約時間の変更に関する具体的な手順は、挙げられているS1〜S5の資料には直接言及されていません。労働条件の改正や有給休暇などの一般的な労働法改正が示されていますが、予約時間の変更依頼についての記述はありません。よろしければ、予約時間の変更に関する情報を滋賀県国際協会の公式案内の範囲で再度ご提示ください。,"[{""qa_id"": 264, ""カテゴリ名"": ""労働"", ""質問"": ""働き方が変わります（2019年４月から）"", ""回答"": ""時間外労働の上限規制が導入されます！（中小企業は２０２０年４月１日から）\n時間外労働の上限が、原則月４５時間、年３６０時間となります。臨時的な特別な事情がある場合でも年７２０時間、月１００時間未満（休日労働を含む）、複数月平均８０時間（休日労働含む）を限度に設定する必要があります。\n年次有給休暇の確実な取得が必要です！\n年次有給休暇は、原則として、労働者が請求する時季に与えることとされていますが、職場への配慮等の理由から取得率が低調な現状があります。\nこのため、全ての企業において、年１０日以上の年次有給休暇が付与される労働者に対して、年次有給休暇の日数のうち年５日については、使用者が時季を指定して取得させることが必要となりました。\n年次有給休暇を５日以上取得済みの労働者に対しては、使用者による時季指定は不要です。\n☛有給休暇は勤務年数等によって異なります。労働者側から希望する日を雇用者に申し出ます。""}]"
2025/4/14,出産・子育て全般,日本語（その他）,保護者への文書翻訳,電話,滋賀県国際協会の情報に基づくと、保護者への文書翻訳に関しては、特定の翻訳サービスの公的案内は明記されていません。ただし、外国語版申告書など公的情報の多言語対応があることから、必要に応じて公的情報の多言語資料を活用し、役所や関係機関へ相談することが推奨されます。翻訳が必要な場合は、自治体の窓口や多言語ダイヤルを活用して支援を受けることを検討してください。,"[{""qa_id"": 333, ""カテゴリ名"": ""税金"", ""質問"": ""年末調整の各種申告書（扶養控除等申告書など）について"", ""回答"": ""国税庁のウェブサイト内で、《外国語版》各種申告書（扶養控除等申告書など）が公開されています。\n【６言語版】\n英語、中国語、ポルトガル語、スペイン語、ベトナム語、フィリピノ語\nご活用ください。""}]"
2025/4/14,出産・子育て全般,ベトナム語,検診の担当者の変更について,電話,質問では“検診の担当者の変更”についての具体的な手続きや窓口の案内は、提供された情報（S1〜S5）には記載がありません。滋賀県国際協会の情報だけを根拠とする場合、現時点で達成できる回答は、健診の一般的な受診のすすめと特定健診の案内に関連する情報のみです。担当者変更については、所属している健保（協会けんぽ）や市町村の窓口、勤務先の人事部門など、公式な窓口へ直接お問い合わせください。,"[{""qa_id"": 238, ""カテゴリ名"": ""年金・保険"", ""質問"": ""【健康保険シリーズ ８】年に１回は健診を受けましょう！"", ""回答"": ""健康診断を受けていますか？健診はからだの異常を早期に発見できる絶好の機会です。まったく自覚症状のない検査数値の異常も、放置しておくと命にかかわる病気に進行してしまう可能性があります。そのため、毎年の健診結果を確認、比較し、からだの変化を読み取ることが大切です。年に１回は必ず健診を受けましょう。\n日本では、４０歳から７４歳までの健康保険の加入者を対象とした「特定健診」を実施しています。加入する健康保険から年に１回健診費用の補助が受けられます。\n★お勤めの方\n年に１回、健康診断を従業員に受けさせることが事業主に義務付けられています。\n会社で健康診断の案内があったら必ず受診しましょう。法で定められた検査項目については、事業主が費用を負担します。\n★★\t協会けんぽの健康保険に加入の扶養家族の方\n４０歳以上のご家族の方には、毎年４月に特定健診の案内が自宅に届きます。\n中には、受診券やパンフレットなどが入っています。事前に受けたい病院や会場を予約して、特定健診を受けましょう。受診券があれば、費用の総額から７,１５０円引きになります。 自己負担なしの無料で受けられる会場もありますので、案内が届いたら、必ず受診しましょう。\n★★国民健康保険に加入中の方\n国民健康保険でも特定健診の受診を推進しており、自宅に案内を配付していますので、案内が届いたら必ず受診しましょう。案内の時期や内容については、住んでいる市町村役場に聞いてみましょう。\n協会けんぽに加入の皆様へ ～ お知らせ ～\n从2２０２３年１月から、協会けんぽの申請書・届出書の様式が変更になりました。\n新しい様式は、協会けんぽのホームページからダウンロードできます。\n古い様式の申請書・届出書をお持ちの方は、使用せず廃棄してください。""}]"

2025/7/9,労災,スペイン語,労災申請について,来所,滋賀県国際協会の情報に基づくと、労災保険は外国人労働者を含む全ての労働者が対象で、雇用主が保険料を全額負担します。労災の申請・相談は、就労先の責任で行われ、加入状況や手続きについては最寄りの労働基準監督署に相談してください。具体的な申請手続きの詳細は本文中のS1の説明をご参照ください。,"[{""qa_id"": 275, ""カテゴリ名"": ""労働"", ""質問"": ""労働災害"", ""回答"": ""外国人労働者（入国管理法における「不法就労者」を含む）も仕事場でケガをしたり、仕事が理由で病気になったり、死亡したり、あるいは職場への行きかえりに事故にあったりした場合には、医療費、仕事ができない分の補償、傷害が残ったときの補償等を労災保険から受けられます。この保険には、パートタイマー、アルバイトを問わず労働者を1人でも雇っている事業主は加入しなければならず、保険料については事業主が全額負担しなければなりません。 詳しいことは労働基準監督署に相談しましょう。""}]"
2025/6/13,労災,ポルトガル語,労災について,電話,滋賀県国際協会の情報によれば、外国人労働者を含むすべての労働者は労災保険に加入し、業務中の負傷・疾病・死亡および通勤災害に対して医療費や休業補償、傷害補償を受けられます。保険料は事業主が全額負担します。詳しくは最寄りの労働基準監督署へ相談してください。,"[{""qa_id"": 275, ""カテゴリ名"": ""労働"", ""質問"": ""労働災害"", ""回答"": ""外国人労働者（入国管理法における「不法就労者」を含む）も仕事場でケガをしたり、仕事が理由で病気になったり、死亡したり、あるいは職場への行きかえりに事故にあったりした場合には、医療費、仕事ができない分の補償、傷害が残ったときの補償等を労災保険から受けられます。この保険には、パートタイマー、アルバイトを問わず労働者を1人でも雇っている事業主は加入しなければならず、保険料については事業主が全額負担しなければなりません。 詳しいことは労働基準監督署に相談しましょう。""}]"
2025/5/12,労災,スペイン語,労災給付の受給資格を喪失した件について,来所,労災給付の受給資格を喪失した件についての具体的な個別状況は提供された情報だけでは判断できません。一般的には、労災保険の給付を受けるには事業主が労災保険に加入していること、被保険者であること、業務上の事由に起因する傷病・疾病・死亡・休業などが対象であること、等の要件を満たす必要があります。資格喪失の理由としては、被保険者資格の喪失、休業期間の要件不充足、給与支払いの有無の証明等が考えられます。詳しくは最寄りの労働基準監督署に相談してください。,"[{""qa_id"": 275, ""カテゴリ名"": ""労働"", ""質問"": ""労働災害"", ""回答"": ""外国人労働者（入国管理法における「不法就労者」を含む）も仕事場でケガをしたり、仕事が理由で病気になったり、死亡したり、あるいは職場への行きかえりに事故にあったりした場合には、医療費、仕事ができない分の補償、傷害が残ったときの補償等を労災保険から受けられます。この保険には、パートタイマー、アルバイトを問わず労働者を1人でも雇っている事業主は加入しなければならず、保険料については事業主が全額負担しなければなりません。 詳しいことは労働基準監督署に相談しましょう。""}]"
2025/5/29,労災,スペイン語,労災の可能性について,電話,滋賀県国際協会の情報に基づくと、外国人労働者を含む全ての労働者は労災保険の対象となり、仕事中のケガ・病気・死亡、または通勤途中の事故があれば労災保険で給付を受けられます。事業主は加入義務があり、保険料は事業主が全額負担します。状況を確認するには労働基準監督署へ相談してください。,"[{""qa_id"": 275, ""カテゴリ名"": ""労働"", ""質問"": ""労働災害"", ""回答"": ""外国人労働者（入国管理法における「不法就労者」を含む）も仕事場でケガをしたり、仕事が理由で病気になったり、死亡したり、あるいは職場への行きかえりに事故にあったりした場合には、医療費、仕事ができない分の補償、傷害が残ったときの補償等を労災保険から受けられます。この保険には、パートタイマー、アルバイトを問わず労働者を1人でも雇っている事業主は加入しなければならず、保険料については事業主が全額負担しなければなりません。 詳しいことは労働基準監督署に相談しましょう。""}]"
2025/6/30,労災,ポルトガル語,労災の判断について,電話,労災の判断は、労働者が業務に従事している際に発生したケガ・病気・死亡などが対象かを、労災保険の適用要件に照らして判断します。外国人労働者を含む全ての労働者が対象で、業務遂行中の事故や通勤災害も含まれうるとされています。具体的な判断や認定は最寄りの労働基準監督署に相談してください。,"[{""qa_id"": 275, ""カテゴリ名"": ""労働"", ""質問"": ""労働災害"", ""回答"": ""外国人労働者（入国管理法における「不法就労者」を含む）も仕事場でケガをしたり、仕事が理由で病気になったり、死亡したり、あるいは職場への行きかえりに事故にあったりした場合には、医療費、仕事ができない分の補償、傷害が残ったときの補償等を労災保険から受けられます。この保険には、パートタイマー、アルバイトを問わず労働者を1人でも雇っている事業主は加入しなければならず、保険料については事業主が全額負担しなければなりません。 詳しいことは労働基準監督署に相談しましょう。""}]"

2025/10/29,医療,ポルトガル語,医療通訳について,電話,滋賀県国際協会の情報では、医療通訳についての直接の案内は見つかりません。外国語対応の医療機関リストや英語・ハングル・中文対応の案内は、関連サイトをご確認ください（医療ネットしが、外国語対応医療機関情報を案内）。ヘルプとして、緊急時は多言語対応の窓口や地域の病院へ事前に問い合わせることを推奨します。,"[{""qa_id"": 229, ""カテゴリ名"": ""医療"", ""質問"": ""滋賀県の病院、医院の情報は"", ""回答"": ""医療ネットしがWebサイトをご覧ください。\n対応言語：英語、ハングル、中文""}, {""qa_id"": 228, ""カテゴリ名"": ""医療"", ""質問"": ""滋賀県内の外国語で対応可能な医療機関について"", ""回答"": ""滋賀県内の外国語で対応可能な医療機関リストは、以下のサイトをご覧ください。""}]"
2025/4/22,医療,タガログ語,医療通訳の依頼,電話,滋賀県国際協会の情報に基づくと、医療通訳の依頼についての具体的な窓口は示されていません。英語・韓国語・中国語対応の実績や医療機関情報の案内などは記載されていますが、医療通訳の専用手配先は示されていません。必要な場合は、医療機関の外国語対応窓口やしが外国人相談センターなどを通じて相談することをおすすめします。,"[{""qa_id"": 229, ""カテゴリ名"": ""医療"", ""質問"": ""滋賀県の病院、医院の情報は"", ""回答"": ""医療ネットしがWebサイトをご覧ください。\n対応言語：英語、ハングル、中文""}, {""qa_id"": 228, ""カテゴリ名"": ""医療"", ""質問"": ""滋賀県内の外国語で対応可能な医療機関について"", ""回答"": ""滋賀県内の外国語で対応可能な医療機関リストは、以下のサイトをご覧ください。""}, {""qa_id"": 231, ""カテゴリ名"": ""医療"", ""質問"": ""エイズ検査と相談"", ""回答"": ""エイズやHIV感染について不安に思うとき、抗体検査を保健所で受けましょう。相談、検査とも匿名、無料（原則）で受けられます。\n\nまた、滋賀県健康医療福祉部薬務感染症対策課内には専用電話を設置し、カウンセラーによる電話相談と面接を受け付けています。\nエイズ専用電話\n- 077-524-0051\n- 受付時間: 毎週月、水曜日　午前9時～12時""}]"
2025/6/24,医療,タガログ語,紹介状について,電話,紹介状についての言及は、提供された文面には含まれていません。よって、滋賀県国際協会の情報として、紹介状に関する事実ベースの説明は回答できません。,"[{""qa_id"": 216, ""カテゴリ名"": ""生活"", ""質問"": ""郵便局について"", ""回答"": ""以下の関連ページに各言語で案内があります。""}]"
2025/11/11,医療,日本語（ブラジル）,連絡通訳依頼,電話,連絡・通訳の依頼に関する具体的な窓口は、出典S1の「郵便局について」ページには言語案内がある旨のみ記載されています。滋賀県国際協会の情報として、通訳依頼の公式窓口名・電話番号はS1には提示されていません。別途滋賀県内の関連窓口や公式サイトをご確認ください。,"[{""qa_id"": 216, ""カテゴリ名"": ""生活"", ""質問"": ""郵便局について"", ""回答"": ""以下の関連ページに各言語で案内があります。""}]"
2025/11/14,医療,ポルトガル語,転院について,電話,"転院をする場合は、初診料や紹介状の有無など費用に影響する要素を確認してください。大病院を希望する際は紹介状があるとスムーズですが、紹介状なしで大病院を受診すると追加料金が発生する場合があります（初診5,000円→7,000円、再診2,500円→3,000円など、選定療養費の改正により変動）。まずはかかりつけ医に相談し、必要に応じ紹介状を発行してもらいましょう。また、転院先の診療時間や初診料の有無、保険適用の扱いを事前に確認するとよいでしょう。","[{""qa_id"": 240, ""カテゴリ名"": ""年金・保険"", ""質問"": ""【健康保険シリーズ７】大きな病院にかかるときは注意が必要です～"", ""回答"": ""【選定療養費の改正について】\n2022年10月から国の制度が見直しとなり、紹介状なしで大病院を受診するときの医療費負担が大きくなりました。\n初診　５，０００円　→　７，０００円（税別）\n再診　２，５００円　→　３，０００円（税別）\nこの金額は健康保険の対象外です。高額療養費にも含まれません。大病院とは大学病院や、おおむね２００床以上の病院のことです。日本の病院は、病院の規模などに応じた役割分担をすすめています。\n軽症の患者が初めから大病院を受診してしまうと、本来大病院で治療するべき重症患者の受診や入院患者への対応が妨げられてしまいます。\n紹介状をもたず大病院を受診した場合は、通常の医療費の他に７，０００円以上の特別な料金がかかりますので、注意してください。\nまずお住まいの地域の診療所を受診し、必要に応じ大病院の紹介を受けてください。""}, {""qa_id"": 222, ""カテゴリ名"": ""医療"", ""質問"": ""【健康保険シリーズ７】大きな病院にかかるときは注意が必要です"", ""回答"": ""【選定療養費の改正について】\n2022年10月から国の制度が見直しとなり、紹介状なしで大病院を受診するときの医療費負担が大きくなりました。\n初診　５，０００円　→　７，０００円（税別）\n再診　２，５００円　→　３，０００円（税別）\nこの金額は健康保険の対象外です。高額療養費にも含まれません。大病院とは大学病院や、おおむね２００床以上の病院のことです。日本の病院は、病院の規模などに応じた役割分担をすすめています。\n軽症の患者が初めから大病院を受診してしまうと、本来大病院で治療するべき重症患者の受診や入院患者への対応が妨げられてしまいます。\n紹介状をもたず大病院を受診した場合は、通常の医療費の他に７，０００円以上の特別な料金がかかりますので、注意してください。\nまずお住まいの地域の診療所を受診し、必要に応じ大病院の紹介を受けてください。""}]"

2025/4/16,子育・児童虐待,タガログ語,孫達は児童虐待の被害者でしょうか？,電話,孫達が児童虐待の被害者かどうかを判断するには、現時点の情報だけでは不明です。児童虐待が疑われる場合は、直ちに児童相談機関へ連絡してください。最寄りの相談先として、草津市・彦根市・大津市の各センターや全国共通ダイヤル189などが利用可能です。具体的な対応は専門機関の判断になりますので、早急な連絡を推奨します。,"[{""qa_id"": 326, ""カテゴリ名"": ""出産・育児"", ""質問"": ""児童虐待の疑いがある場合はすぐに連絡しましょう"", ""回答"": ""虐待ホットライン（24時間対応）\n電話 : 077-562-8996　（日本語）\n中央子ども家庭相談センター\n草津市笠山七丁目4番45号　　電話: 077-562-1121\n彦根子ども家庭相談センター\n彦根市小泉町932-1　　電話: 0749-24-3741\n大津・高島子ども家庭相談センター\n大津市におの浜4-4-5　　電話: 077-548-7768\n児童相談所全国共通ダイヤル（24時間対応）\n電話：189""}]"

2025/4/23,年金,ポルトガル語,障害年金について,電話,障害年金についての情報はS2およびS5には直接の説明がなく、S1/S3/S4/S5の記述は障害年金の具体的要件や給付額を明示していません。障害年金の給付は、障害厚生年金・障害基礎年金として制度上定められており、要件や等級、給付額は個別の加入状況により決まります。詳しい要件や申請手続きは、居住地の年金事務所または市町村の窓口にご確認ください。,"[{""qa_id"": 257, ""カテゴリ名"": ""年金・保険"", ""質問"": ""年金制度"", ""回答"": ""公的年金制度は、老齢、障害または死亡時の本人および遺族の生活保障の観点から、日本国内に住むすべての人について、一定の要件のもとに国籍を問わず適用しています。外国人の場合、1年以上の日本滞在を予定している人が対象となります。\n厚生年金保険\n給付の種類\n老齢厚生年金、障害厚生年金、遺族厚生年金\n国民年金\n20歳から59歳までの方で、厚生年金保険などに加入していない場合は国民年金に加入しなければいけません。\nお問い合わせ\n各市町村国民年金担当係""}, {""qa_id"": 342, ""カテゴリ名"": ""福祉"", ""質問"": ""障害者手帳を取得すると次のようなサービスを受けられます"", ""回答"": ""自立支援医療\n心身の障害を除去・軽減するための医療について、医療費の自己負担額が軽減されます。\n障害福祉サービス\n居宅介護、重度訪問介護、行動援護、同行援護、短期入所、グループホーム、療養介護、生活介護、施設入所支援などがあります。\n障害児通所支援給付サービス\n児童発達支援、医療型児童発達)支援、放課後等デイサービスなどがあります。\n福祉手当\n手帳の区分及び等級等に応じ、手当や年金が支給される場合があります。（所得制限などあり。重複して手当等受給できない場合があります）\nその他\n各種所得控除、公共施設の利用料の減免、交通機関の運賃割引、公営住宅の優先入居どがあるほか、就労支援や就職時に障害に応じた配慮を受けやすくなることがあります。""}, {""qa_id"": 255, ""カテゴリ名"": ""年金・保険"", ""質問"": ""年金を受け取るために必要な期間が１０年に短縮されました"", ""回答"": ""これまでは、老齢年金を受け取るためには、保険料納付済等期間が25年以上必要でしたが、2017年8月1日から、10年になりました。（遺族年金・障害年金の受給要件はこれまでどおり変更ありません。）\n老齢年金の受給資格は、以下の４項目をあわせた期間が１０年以上です。\n1. 保険料納付期間（国民年金保険料納付済み期間、厚生年金被保険者加入期間）\n2. 保険料免除、学生納付特例等の納付猶予を受けた期間\n3. 第３号被保険者期間（加入者に扶養されている被保険者）\n4. 合算対象期間（カラ期間） ＊\n＊4. のカラ期間は、年金額に反映されませんが、加入期間には計算される合算対象期間です。\n★ 合算対象期間 には、次のようなものがあります。\n日本国籍を取得した方、永住者等が年金の請求手続きをする際、海外在住期間があった場合に、このことを証明する書類が必要となります。このため、これまでのパスポートも大切に保管しておくことが大切です。また、2012年7月9日以前の「外国人登録原票」は、法務省で保管されています。このため、それ以前の出入国を証明するためには、出入(帰)国記録に係わる開示請求することになります。\n出入（帰）国記録に係る開示請求 (http://www.moj.go.jp/isa/applications/disclosure/record.html)""}, {""qa_id"": 341, ""カテゴリ名"": ""福祉"", ""質問"": ""障害があっても輝いて！"", ""回答"": ""日本には、何らかの理由で心や体に障害を持つようになった人や子どもたちが日常生活や社会)生活ができるように、障害者自立支援法（平成３０年(2018年）４月より障害者総合支援法）に基づき様々なサービスや支援があります。心配事があれば、市役所などで相談しましょう。\n障害者には、知的障害者、身体障害者、精神障害者（発達障害者を含む）の区分があり、軽度)の障害も含みます。これらの障害者は、障害の種類、程度などに応じ、様々な支援制度やサービスを受けることができます。そのためには、市役所で障害者手帳（身体障害者手帳・療育手帳・精神障害者保健福祉手帳）の申請手続きが必要となります。（障害者の認定には、医療機関や各専門機関の判定が必要です）""}, {""qa_id"": 254, ""カテゴリ名"": ""年金・保険"", ""質問"": ""老齢年金"", ""回答"": ""老齢年金では、どの人にも共通な基礎となる年金を老齢基礎年金といいます。国民年金の加入者は、この老齢基礎年金を受給しますが、厚生年金の加入者は、これに厚生年金部分を加算した金額を受給します。老齢基礎年金は、６０歳まで４０年間保険料を全額支払った場合、年間(779,300円（2017年度）の満額の年金額になります。老齢年金を受給するための年齢はこれまでどおりで６５歳からですが、希望すれば繰り上げ支給や繰り下げ支給もあります。また、厚生年金では、６０歳から６５歳まで、生年月日や性別など一定の要件に基づき、特別支給の老齢厚生年金が支給されます。""}]"
2025/5/1,年金,ポルトガル語,脱退一時金について,電話,日本国籍を有しない方が、国民年金又は厚生年金の被保険者資格を喪失し、日本を出国した場合、日本に住所がなくなった日から２年以内に脱退一時金を請求することができます。帰国する外国人が６ヶ月以上加入していれば、脱退一時金を受け取ることができます。,"[{""qa_id"": 251, ""カテゴリ名"": ""年金・保険"", ""質問"": ""脱退一時金 　＜公的年金の受給資格がないけれど、帰国する場合など＞"", ""回答"": ""日本国籍を有しない方が、国民年金又は厚生年金の被保険者資格を喪失し、日本を出国した場合、日本に住所がなくなった日から２年以内に脱退一時金を請求することができます。帰国する外国人が６ヶ月以上加入していれば、脱退一時金を受け取ることができます。""}]"
2025/11/7,年金,ポルトガル語,障害年金請求,来所,障害年金の請求については、障害等級に応じて厚生年金保険または国民年金に基づく給付を受けることができます。請求には、障害の状態を医師が診断した診断書や医療機関の診断情報、申請書類が必要です。請求先は居住地の市町村の障害年金窓口（障害福祉担当課）で行います。初回請求の際には障害認定の審査が行われ、年金の支給決定は年金事務所が担当します。支給開始時期は審査結果が出てからとなり、遡及請求が認められる場合があります。詳細はお住まいの市町村窓口または滋賀県の公的情報をご確認ください。,"[{""qa_id"": 257, ""カテゴリ名"": ""年金・保険"", ""質問"": ""年金制度"", ""回答"": ""公的年金制度は、老齢、障害または死亡時の本人および遺族の生活保障の観点から、日本国内に住むすべての人について、一定の要件のもとに国籍を問わず適用しています。外国人の場合、1年以上の日本滞在を予定している人が対象となります。\n厚生年金保険\n給付の種類\n老齢厚生年金、障害厚生年金、遺族厚生年金\n国民年金\n20歳から59歳までの方で、厚生年金保険などに加入していない場合は国民年金に加入しなければいけません。\nお問い合わせ\n各市町村国民年金担当係""}, {""qa_id"": 342, ""カテゴリ名"": ""福祉"", ""質問"": ""障害者手帳を取得すると次のようなサービスを受けられます"", ""回答"": ""自立支援医療\n心身の障害を除去・軽減するための医療について、医療費の自己負担額が軽減されます。\n障害福祉サービス\n居宅介護、重度訪問介護、行動援護、同行援護、短期入所、グループホーム、療養介護、生活介護、施設入所支援などがあります。\n障害児通所支援給付サービス\n児童発達支援、医療型児童発達)支援、放課後等デイサービスなどがあります。\n福祉手当\n手帳の区分及び等級等に応じ、手当や年金が支給される場合があります。（所得制限などあり。重複して手当等受給できない場合があります）\nその他\n各種所得控除、公共施設の利用料の減免、交通機関の運賃割引、公営住宅の優先入居どがあるほか、就労支援や就職時に障害に応じた配慮を受けやすくなることがあります。""}]"
2025/4/28,年金,スペイン語,国民年金の加入について,電話,国民年金は、20歳から59歳までの方で厚生年金保険などに加入していない場合には加入が必要です。加入していない場合は国民年金に加入してください。年金加入記録の確認や手続きは市町村の国民年金担当係へ、また任意加入や後納制度の活用も検討できます。,"[{""qa_id"": 257, ""カテゴリ名"": ""年金・保険"", ""質問"": ""年金制度"", ""回答"": ""公的年金制度は、老齢、障害または死亡時の本人および遺族の生活保障の観点から、日本国内に住むすべての人について、一定の要件のもとに国籍を問わず適用しています。外国人の場合、1年以上の日本滞在を予定している人が対象となります。\n厚生年金保険\n給付の種類\n老齢厚生年金、障害厚生年金、遺族厚生年金\n国民年金\n20歳から59歳までの方で、厚生年金保険などに加入していない場合は国民年金に加入しなければいけません。\nお問い合わせ\n各市町村国民年金担当係""}]"
2025/5/2,年金,タガログ語,年金の支払いについて,電話,年金の支払いについては、国民年金保険料の納付期間が財源の基礎となり、納付済み期間、免除・猶予期間、第3号被保険者期間、合算対象期間を合わせて10年以上で受給資格が成立します。納付期間は国民年金保険料納付済み期間および厚生年金被保険者加入期間を含みます。年金記録に漏れがないか国や窓口で確認し、未納期間を解消するには任意加入や後納制度も活用できます。,"[{""qa_id"": 252, ""カテゴリ名"": ""年金・保険"", ""質問"": ""自分の年金情報をチェック！"", ""回答"": ""毎年1回、誕生月に国民年金および厚生年金保険の加入者（被保険者）には、年金加入記録の確認のため、「ねんきん定期便」が届きます。届出住所が現住所と異なっている場合、「ねんきん定期便」が届きませんので、住所が変った場合は住所変更を届け出ましょう。\n年金記録の確認は\nねんきんネット (https://www.nenkin.go.jp/n_net/index.html)\n年金定期便・年金専用ダイヤル　℡　0570-058-555\n★\t保険料納付期間が１０年に満たない方も年金事務所で確認しましょう！ 年金記録に漏れがないか。（基礎年金番号が他にないか。別の氏名で登録されたものがないか。 合算対象期間がないか。（特に永住者、日本国籍の方は海外の滞在期間が合算されます。）\n★\t資格期間を満たすために次のような方法があります。 ６０歳から６５歳まで国民年金に任意加入する。（1965年4月1日以前生まれの方は最長７０歳まで任意加入できます） 国民年金後納制度を使い未納期間を解消する。（2018年9月30日まで５年後納制度が適用されます）""}, {""qa_id"": 257, ""カテゴリ名"": ""年金・保険"", ""質問"": ""年金制度"", ""回答"": ""公的年金制度は、老齢、障害または死亡時の本人および遺族の生活保障の観点から、日本国内に住むすべての人について、一定の要件のもとに国籍を問わず適用しています。外国人の場合、1年以上の日本滞在を予定している人が対象となります。\n厚生年金保険\n給付の種類\n老齢厚生年金、障害厚生年金、遺族厚生年金\n国民年金\n20歳から59歳までの方で、厚生年金保険などに加入していない場合は国民年金に加入しなければいけません。\nお問い合わせ\n各市町村国民年金担当係""}, {""qa_id"": 254, ""カテゴリ名"": ""年金・保険"", ""質問"": ""老齢年金"", ""回答"": ""老齢年金では、どの人にも共通な基礎となる年金を老齢基礎年金といいます。国民年金の加入者は、この老齢基礎年金を受給しますが、厚生年金の加入者は、これに厚生年金部分を加算した金額を受給します。老齢基礎年金は、６０歳まで４０年間保険料を全額支払った場合、年間(779,300円（2017年度）の満額の年金額になります。老齢年金を受給するための年齢はこれまでどおりで６５歳からですが、希望すれば繰り上げ支給や繰り下げ支給もあります。また、厚生年金では、６０歳から６５歳まで、生年月日や性別など一定の要件に基づき、特別支給の老齢厚生年金が支給されます。""}, {""qa_id"": 255, ""カテゴリ名"": ""年金・保険"", ""質問"": ""年金を受け取るために必要な期間が１０年に短縮されました"", ""回答"": ""これまでは、老齢年金を受け取るためには、保険料納付済等期間が25年以上必要でしたが、2017年8月1日から、10年になりました。（遺族年金・障害年金の受給要件はこれまでどおり変更ありません。）\n老齢年金の受給資格は、以下の４項目をあわせた期間が１０年以上です。\n1. 保険料納付期間（国民年金保険料納付済み期間、厚生年金被保険者加入期間）\n2. 保険料免除、学生納付特例等の納付猶予を受けた期間\n3. 第３号被保険者期間（加入者に扶養されている被保険者）\n4. 合算対象期間（カラ期間） ＊\n＊4. のカラ期間は、年金額に反映されませんが、加入期間には計算される合算対象期間です。\n★ 合算対象期間 には、次のようなものがあります。\n日本国籍を取得した方、永住者等が年金の請求手続きをする際、海外在住期間があった場合に、このことを証明する書類が必要となります。このため、これまでのパスポートも大切に保管しておくことが大切です。また、2012年7月9日以前の「外国人登録原票」は、法務省で保管されています。このため、それ以前の出入国を証明するためには、出入(帰)国記録に係わる開示請求することになります。\n出入（帰）国記録に係る開示請求 (http://www.moj.go.jp/isa/applications/disclosure/record.html)""}]"

2025/9/8,教育・児童虐待,日本語（日本）,児童虐待の相談があった場合,電話,児童虐待の相談があった場合はすぐに連絡してください。虐待ホットライン（24時間対応）に連絡します。電話番号は 077-562-8996（日本語）、中央子ども家庭相談センターへつながります。住所は草津市笠山七丁目4番45号、電話 077-562-1121。彦根市・大津市・高島市の各センターにも連絡先があります。児童相談所全国共通ダイヤルは 189（24時間対応）です。,"[{""qa_id"": 326, ""カテゴリ名"": ""出産・育児"", ""質問"": ""児童虐待の疑いがある場合はすぐに連絡しましょう"", ""回答"": ""虐待ホットライン（24時間対応）\n電話 : 077-562-8996　（日本語）\n中央子ども家庭相談センター\n草津市笠山七丁目4番45号　　電話: 077-562-1121\n彦根子ども家庭相談センター\n彦根市小泉町932-1　　電話: 0749-24-3741\n大津・高島子ども家庭相談センター\n大津市におの浜4-4-5　　電話: 077-548-7768\n児童相談所全国共通ダイヤル（24時間対応）\n電話：189""}]"

2025/6/2,教育全般,日本語（ブラジル）,保護者との連絡について,電話,滋賀県国際協会の情報では、保護者と学校の関わりに関する具体的な方針はS2に関連します。保護者はPTAや保護者会を通じて学校と協力し、子どもの健全な成長を見守る活動を行います。活動内容は学校ごとに異なるため、入学時の案内を確認してください。なお、虐待の疑いがある場合や児童家庭に関する相談窓口・連絡先についてはS3の虐待対応ダイヤルや各センターの連絡先をご参照ください。,"[{""qa_id"": 289, ""カテゴリ名"": ""教育"", ""質問"": ""[小学校デビューQ＆A] 保護者はどのように学校と関わりますか？"", ""回答"": ""小学校にはPTAや保護者会があります。保護者と教職員が協力し合い、学校に通う子どもたちの健全な成長を見守る活動を行うのが、主な目的です。活動を支えるための入会金も必要になります。学校によって活動内容や運営方法は様々なので、入学時の案内を確認してください。""}, {""qa_id"": 326, ""カテゴリ名"": ""出産・育児"", ""質問"": ""児童虐待の疑いがある場合はすぐに連絡しましょう"", ""回答"": ""虐待ホットライン（24時間対応）\n電話 : 077-562-8996　（日本語）\n中央子ども家庭相談センター\n草津市笠山七丁目4番45号　　電話: 077-562-1121\n彦根子ども家庭相談センター\n彦根市小泉町932-1　　電話: 0749-24-3741\n大津・高島子ども家庭相談センター\n大津市におの浜4-4-5　　電話: 077-548-7768\n児童相談所全国共通ダイヤル（24時間対応）\n電話：189""}]"
2025/4/21,教育全般,"日本語
（ブラジル）",保護者との連絡,電話,滋賀県国際協会の情報に基づくと、保護者との連絡についての具体的な記載は提供されていません。該当する情報源がS4の子育て関連項目には保護者の関与や手続き、相談窓口などが含まれます。必要に応じて、市町の役場や保健センター、家庭児童相談室などの相談窓口を利用してください。,"[{""qa_id"": 318, ""カテゴリ名"": ""出産・育児"", ""質問"": ""子育て応援シリーズ① 子どもが生まれたら"", ""回答"": ""子どもが生まれたらお住まいの役所で様々な手続きがあります。外国籍の子どもには、領事館（大使館）や出入国管理局での手続きも必要になります。\n役所でする手続き\n1. 出生届\n2. 児童手当\n3. 子どもの健康保険\n4. 福祉医療費助成（乳幼児）\n大使館・出入国管理局での手続き\n- 生まれてから30日以内に出入国管理局で子どもの在留許可申請をします。\n- 各国領事館 （大使館）で子どもの国籍を取得し、パスポートの申請をします。\n子どもとお母さんの健康のために\n出産後、子どもとお母さんの健康を定期的に確認します。子どもの各種健診や教室、訪問のほとんどが無料なので積極的に利用しましょう。心配なことがあれば相談しましょう。\n- 産後健診\n- 新生児訪問\n- 予防接種\n- 乳幼児健診\n- 離乳食教室\n子どもの成長、発達が気になる．．．\nまずは乳幼児健診の時やかかりつけ医に相談しましょう。\n市町の保健センター\n市町の発達支援室・センター (https://www.pref.shiga.lg.jp/file/attachment/5397382.pdf)\n発達障害に関する外国人保護者向けパンフレット\n発達障害情報・支援センター (http://www.rehab.go.jp/ddis/world/brochure/)\n育児の不安を相談したい．．．\n市町の家庭児童相談室　市町の役場で相談しましょう。\nこころんだいやる電話相談\nTEL： 077-524-2030\n（子ども・子育て応援センター　電話、または面接での相談ができます）\n児童相談所相談専用ダイヤル\nTEL：0120-189-783\n虐待かな．．．\n児童相談所虐待対応ダイヤル\nTEL：189\n子どもを一時的に預かってほしい．．．（事前登録要）\nファミリー・サポート・センター\nファミリー・サポート・センター (https://www.hugnavi.net/child/family.php)\n「子どもを預けたい人」と「子どもを預かりたい人」を結び付け、保育所までの送迎や、保護者の病気などの際に子どもを預かったりします。\n一時預かり事業\n保護者の病気や用事の時に子どもを保育所などで一時的に預かります。\n病児・病後児保育\n病児・病後児保育 (https://hugnavi.net/child/byouji.php)\n子どもが病気の際、保護者が家庭での保育が難しい場合に、医療機関や保育所等で子どもを一時的に保育します。\n働いているので子どもを保育所で預かってもらいたい．．．\n保育所、認定こども園、認可外子ども施設などで、０歳から子どもを預かってもらえます。施設の利用にはお住まいの市町から利用のための認定を受ける必要があります。市町の役場で相談しましょう。\n一人で子どもを育てています．．．\n経済支援、就労支援のほかに、家事や子育てのサポートが受けられます。\n市町の役場で相談しましょう。\n子どもとお出かけしたい．．．\n地域子育て支援拠点\n地域子育て支援拠点 (https://hugnavi.net/child/base.php)\n子育て中の親子が集い、相互交流や子育ての不安・悩みを相談できる場です。\n児童館\n児童館 (https://hugnavi.net/child/house.php)\n健全な遊びを通して、子どもの発達を援助していく施設です。\n♡滋賀県立びわ湖こどもの国\n滋賀県立びわ湖こどもの国 (http://www.biwa.ne.jp/~kodomo92/sp/index.html)\nたくさんの遊具がある大型の児童館です。　高島市安曇川町北船木\n悩みがあれば、相談しましょう！\n★言葉が心配なときは、「しが外国人相談センター」にお電話ください。\nTEL：077-523-5646\nSHIGA SMILE BABY PROJECT　～ありがとうの贈り物～\nSHIGA SMILE BABY PROJECT　～ありがとうの贈り物～ (https://www.pref.shiga.lg.jp/ippan/kosodatekyouiku/kosodate/319567.html)\n滋賀で生まれた子どもやその家族へ「おめでとう、ありがとう」の思いをこめて、社会全体で出産・子育てを応援しているというメッセージとともに「ありがとうの贈り物」をお届けします。\n対象：１歳未満の赤ちゃん　※事前申し込みが必要です。""}]"
2025/4/28,教育全般,"日本語
（ブラジル）",保護者に連絡したい,電話,滋賀県国際協会の情報の根拠として、児童虐待の疑いがある場合は虐待ホットライン等へ連絡してください（24時間対応、電話 077-562-8996、中央子ども家庭相談センター 077-562-1121 ほか）。保護者に連絡する際は、児童相談所相談専用ダイヤル 0120-189-783 へ相談して指示を仰ぐのが適切です。必要に応じてファミリー・サポート・センターや地域の子育て支援センターも活用できます。,"[{""qa_id"": 326, ""カテゴリ名"": ""出産・育児"", ""質問"": ""児童虐待の疑いがある場合はすぐに連絡しましょう"", ""回答"": ""虐待ホットライン（24時間対応）\n電話 : 077-562-8996　（日本語）\n中央子ども家庭相談センター\n草津市笠山七丁目4番45号　　電話: 077-562-1121\n彦根子ども家庭相談センター\n彦根市小泉町932-1　　電話: 0749-24-3741\n大津・高島子ども家庭相談センター\n大津市におの浜4-4-5　　電話: 077-548-7768\n児童相談所全国共通ダイヤル（24時間対応）\n電話：189""}]"
2025/6/9,教育全般,日本語（ブラジル）,保護者と話したい,電話,滋賀県国際協会の情報には、保護者と学校の関わりに関する具体的な記載は含まれていません。よろしければ、S1〜S5の出典のうち関連する内容をご案内します。,"[{""qa_id"": 289, ""カテゴリ名"": ""教育"", ""質問"": ""[小学校デビューQ＆A] 保護者はどのように学校と関わりますか？"", ""回答"": ""小学校にはPTAや保護者会があります。保護者と教職員が協力し合い、学校に通う子どもたちの健全な成長を見守る活動を行うのが、主な目的です。活動を支えるための入会金も必要になります。学校によって活動内容や運営方法は様々なので、入学時の案内を確認してください。""}]"
2025/7/31,教育全般,日本語（日本）,高校進学について,電話,滋賀県教育委員会の情報によると、高校進学には原則として入学試験が必要で、入学資格は年齢要件（入学予定月の4月1日までに15歳以上）と、外国で9年間の学校教育を修了しているか、日本の中学校卒業または卒業見込みであることが求められます。問い合わせ先は滋賀県教育委員会事務局（077-528-4573）です。なお、高校には全日制・定時制・通信制があり、学習形態に応じて卒業年数が異なる場合があります。進学費用や奨学金情報については別途案内があります。,"[{""qa_id"": 303, ""カテゴリ名"": ""教育"", ""質問"": ""高校の入学"", ""回答"": ""一般の日本の高校へ入学するためには、入学試験に合格しなければなりません。\n応募資格\n年齢が入学しようとする年の4月1日までに15才に達していること。\n原則として、外国で9年間の学校教育を終了しているか、日本の中学校を卒業、又は卒業見込であること。\n入学の問い合わせ\n滋賀県教育委員会事務局 ： 077-528-4573""}]"

2025/5/7,日本語学習,タガログ語,日本語教室,電話,日本語教室について、滋賀県国際協会の情報源に基づくと、以下のグループが挙げられます。彦根ユネスコ協会 子ども日本語教室、ワールドアミーゴクラブ、かんちゃんの小さな家、東近江アミーゴ教室、南米語学学習教室 カミノ教室 カミニョ教室、かみやんど、日和-寺子屋大津、Half half（多文化共生学習会・外国籍の生徒の学習支援教室）です。これらは子ども向け、日本語学習支援を目的としたグループとして記録されています。,"[{""qa_id"": 293, ""カテゴリ名"": ""教育"", ""質問"": ""子どもたちの 学習・遊びのグループ"", ""回答"": ""グループ名:　子どものための日本語教室\nグループ名:　彦根ユネスコ協会 子ども日本語教室\nグループ名:　ワールドアミーゴクラブ\nグループ名:　かんちゃんの小さな家\nグループ名:　東近江アミーゴ教室\nグループ名:　南米語学学習教室　カミノ教室　カミニョ教室\nグループ名:　かみやんど\nグループ名:　日和-寺子屋大津\nグループ名:　多文化共生学習会　Half half（外国籍の生徒のための学習支援教室）""}]"
2025/7/4,日本語学習,英語,日本語を学びたい,来所,滋賀県国際協会の情報に基づくと、日本語を学ぶには滋賀県内の日本語学校や学習支援グループを利用できます。S1の日本語学校リストは滋賀県外の京都を中心としていますが、滋賀にも日本語教育機関や支援団体が存在します。具体的な校名や所在地は提供されていないため、滋賀県内の日本語教育機関を地元の教育委員会や日本語教育支援団体に問い合わせてください。,"[{""qa_id"": 306, ""カテゴリ名"": ""教育"", ""質問"": ""日本語学校 Japanese Language Schools"", ""回答"": ""- 京都日本語学校 (Kyoto Japanese Language School) (http://kjls.or.jp/)\n- 京都文化日本語学校 (Kyoto Institute of Culture and Language) (http://www.kicl.ac.jp/jp/)\n- 京都民際日本語学校 (Kyoto Minsai Japanese Language School) (http://www.kyotominsai.co.jp/)\n- 京都日本語研修センター(Kyoto Japanese Language Training Center) (http://www.kjltc.jp/)\n- YIC京都日本語学院 (YIC Kyoto Japanese Academy) (http://www.yic-kyoto.ac.jp/japanese/)\n- 京都国際アカデミー(Kyoto International Academy of Japanese Language) (http://www.kia-ac.jp/index.html)\n- 日本語センター(Kyoto Japanese Language School) (https://nihongo-center.com/)\n- ARC 京都日本語学校 (ARC Academy Kyoto) (http://japanese.arc-academy.co.jp/?lang=ja)\n- にほんご空間・京都 (Japanese Space Kyoto) (http://j-space.sakura.ne.jp/wp2/)\n- 京進ランゲージアカデミー(Kyoshin Language Academy-Kyoto Chuo School) (http://www.kla.ac/jp/kyoto_chuo/)\n- ISIランゲージスクール 京都校 (ISI Japanese Language School - Kyoto campus) (http://www.isi-education.com/ja/)""}]"
2025/10/6,日本語学習,タガログ語,日本語レッスンについて,来所,日本語レッスンについては、滋賀県国際協会の情報源として挙げられている日本語学校リストはS1に含まれています。具体的なレッスン内容・開講日・料金等の詳細は、それぞれの学校の公式サイトをご確認ください。,"[{""qa_id"": 306, ""カテゴリ名"": ""教育"", ""質問"": ""日本語学校 Japanese Language Schools"", ""回答"": ""- 京都日本語学校 (Kyoto Japanese Language School) (http://kjls.or.jp/)\n- 京都文化日本語学校 (Kyoto Institute of Culture and Language) (http://www.kicl.ac.jp/jp/)\n- 京都民際日本語学校 (Kyoto Minsai Japanese Language School) (http://www.kyotominsai.co.jp/)\n- 京都日本語研修センター(Kyoto Japanese Language Training Center) (http://www.kjltc.jp/)\n- YIC京都日本語学院 (YIC Kyoto Japanese Academy) (http://www.yic-kyoto.ac.jp/japanese/)\n- 京都国際アカデミー(Kyoto International Academy of Japanese Language) (http://www.kia-ac.jp/index.html)\n- 日本語センター(Kyoto Japanese Language School) (https://nihongo-center.com/)\n- ARC 京都日本語学校 (ARC Academy Kyoto) (http://japanese.arc-academy.co.jp/?lang=ja)\n- にほんご空間・京都 (Japanese Space Kyoto) (http://j-space.sakura.ne.jp/wp2/)\n- 京進ランゲージアカデミー(Kyoshin Language Academy-Kyoto Chuo School) (http://www.kla.ac/jp/kyoto_chuo/)\n- ISIランゲージスクール 京都校 (ISI Japanese Language School - Kyoto campus) (http://www.isi-education.com/ja/)""}]"
2025/4/24,日本語学習,"日本語
（フィリピン）",草津の日本語教室,電話,草津で日本語教室として挙げられている情報はS2の日本語学校リストにのみ含まれておらず、草津市を直接示す日本語教室の名称は本文には見当たりません。ただし、S3/S5には草津に関する年金窓口や多文化関連情報が含まれています。もし草津で日本語教室の具体名を知りたい場合は、滋賀県国際協会の他の情報源を確認するか、草津市教育委員会等へ問い合わせてください。,"[{""qa_id"": 306, ""カテゴリ名"": ""教育"", ""質問"": ""日本語学校 Japanese Language Schools"", ""回答"": ""- 京都日本語学校 (Kyoto Japanese Language School) (http://kjls.or.jp/)\n- 京都文化日本語学校 (Kyoto Institute of Culture and Language) (http://www.kicl.ac.jp/jp/)\n- 京都民際日本語学校 (Kyoto Minsai Japanese Language School) (http://www.kyotominsai.co.jp/)\n- 京都日本語研修センター(Kyoto Japanese Language Training Center) (http://www.kjltc.jp/)\n- YIC京都日本語学院 (YIC Kyoto Japanese Academy) (http://www.yic-kyoto.ac.jp/japanese/)\n- 京都国際アカデミー(Kyoto International Academy of Japanese Language) (http://www.kia-ac.jp/index.html)\n- 日本語センター(Kyoto Japanese Language School) (https://nihongo-center.com/)\n- ARC 京都日本語学校 (ARC Academy Kyoto) (http://japanese.arc-academy.co.jp/?lang=ja)\n- にほんご空間・京都 (Japanese Space Kyoto) (http://j-space.sakura.ne.jp/wp2/)\n- 京進ランゲージアカデミー(Kyoshin Language Academy-Kyoto Chuo School) (http://www.kla.ac/jp/kyoto_chuo/)\n- ISIランゲージスクール 京都校 (ISI Japanese Language School - Kyoto campus) (http://www.isi-education.com/ja/)""}, {""qa_id"": 250, ""カテゴリ名"": ""年金・保険"", ""質問"": ""年金の相談は"", ""回答"": ""- ねんきんダイヤル ℡ 0570-05-1165　　　IP電話・PHS: ℡ 03-6700-1165\n- 街角の年金相談センター草津（草津市渋川1-1-50） ℡　077-564-4311\n- 大津年金事務所（大津市打出浜13-5） ℡ 077-521-1789\n- 草津年金事務所（草津市西渋川1-16-35） ℡ 077-567-2220\n- 彦根年金事務所（彦根市外町169-6） ℡ 0749-23-1114""}, {""qa_id"": 345, ""カテゴリ名"": ""福祉"", ""質問"": ""多文化子ども食堂・その他"", ""回答"": ""SHIPS\n内容:　多文化子ども食堂\n開催場所:　草津市　SHIPS\n期間:　第４土曜日　11:00～14:00\n問合せ先:　℡:077-561-5110\nかんちゃんの小さな家\n内容:　多文化共生・地域交流会（子ども食堂）\n開催場所:　近江八幡市　かんちゃんの小さな家\n期間:　２ヶ月に１回\n問合せ先:　℡:090-3708-3315\n彦根市子ども多文化クラブ\n内容:　料理、文化体験、施設見学など\n開催場所:　彦根市内\n期間:　夏休み・冬休み\n問合せ先:　彦根市人権政策 ℡:0749-30-6113""}]"
2025/6/3,日本語学習,タガログ語,滋賀県での日本語学習,電話,滋賀県での日本語学習について、当協会が提供する公式情報には、滋賀県内の日本語教育機関としてのリストは含まれていません。滋賀県内で日本語を学ぶには、地元の語学スクールや大学の日本語講座、または日本語教育を行う施設を市区町村の教育委員会や公式サイトで確認してください。,"[{""qa_id"": 306, ""カテゴリ名"": ""教育"", ""質問"": ""日本語学校 Japanese Language Schools"", ""回答"": ""- 京都日本語学校 (Kyoto Japanese Language School) (http://kjls.or.jp/)\n- 京都文化日本語学校 (Kyoto Institute of Culture and Language) (http://www.kicl.ac.jp/jp/)\n- 京都民際日本語学校 (Kyoto Minsai Japanese Language School) (http://www.kyotominsai.co.jp/)\n- 京都日本語研修センター(Kyoto Japanese Language Training Center) (http://www.kjltc.jp/)\n- YIC京都日本語学院 (YIC Kyoto Japanese Academy) (http://www.yic-kyoto.ac.jp/japanese/)\n- 京都国際アカデミー(Kyoto International Academy of Japanese Language) (http://www.kia-ac.jp/index.html)\n- 日本語センター(Kyoto Japanese Language School) (https://nihongo-center.com/)\n- ARC 京都日本語学校 (ARC Academy Kyoto) (http://japanese.arc-academy.co.jp/?lang=ja)\n- にほんご空間・京都 (Japanese Space Kyoto) (http://j-space.sakura.ne.jp/wp2/)\n- 京進ランゲージアカデミー(Kyoshin Language Academy-Kyoto Chuo School) (http://www.kla.ac/jp/kyoto_chuo/)\n- ISIランゲージスクール 京都校 (ISI Japanese Language School - Kyoto campus) (http://www.isi-education.com/ja/)""}]"

2025/4/23,求職・雇用,英語,仕事探し,電話,滋賀県国際協会の情報に基づき、外国人の方は日本人と同様に求職の支援を受ける権利があります。職業紹介や就労相談は公共職業安定所（ハローワーク）を通じて行われ、就職契約時の重要事項や雇用保険に関する案内も提供されます。,"[{""qa_id"": 270, ""カテゴリ名"": ""労働"", ""質問"": ""求職"", ""回答"": ""日本国内で就労できる外国人の方は日本人と同じように職業紹介を受ける事ができます。\n公共職業安定所　(ハローワーク)\n職業紹介、就労に関する相談などに応じる国の機関が公共職業安定所です。\n仕事が見つかり労働契約を結ぶ時の重要な決まりや雇用保険についてなど、いろいろな相談も合わせて行われています。""}]"
2025/4/30,求職・雇用,ポルトガル語,失業保険について,電話,滋賀県国際協会の情報に基づくと、雇用保険は在職中の雇用安定と失業時の給付を目的とします。離職後、公共職業安定所が認めれば基本手当を受給できます。受給には、日本国内で就労制限がなく反復就労が可能、離職日前2年間の被保険者期間が通算12カ月以上（解雇・倒産時は1年前に6カ月以上）、離職により被保険者資格を喪失したことの確認、仕事をしたくても就けないこと、などの条件があります。詳しくは居住地の公共職業安定所へ問い合わせてください。,"[{""qa_id"": 276, ""カテゴリ名"": ""労働"", ""質問"": ""雇用保険"", ""回答"": ""雇用保険制度とは、在職中の労働者の雇用の安定を図り、失業中の労働者に対して、生活の安定と再就職の促進のために失業等給付を行うものです。　失業等給付は、労働者と事業主が支払う保険料によってまかなわれており、日本で雇用されれば外国の失業保険制度の適用を受けていることが立証された者を除き、原則として国籍（無国籍を含む）のいかんに関わらず被保険者となり、事業主を通じて被保険者になります。\n労働者が会社を自己都合、解雇などで離職した場合、次の条件を満たし、公共職業安定所が認めれば基本手当てを受給することができます。\n- 日本国内での就労に制限のない方で日本において反復して就労することが可能な方。\n- 離職日以前２年間に、被保険者期間が通算して１２ヶ月以上ある。（解雇や倒産の場合は離職の日以前１年間に通算６ヶ月以上）\n- 離職したため、被保険者の資格をなくしたことが確認された。\n- 仕事をしたくても仕事に就けない。\n※詳しくは、居住地の公共職業安定所までお問い合わせください。\n雇用保険の手続きについて (https://www.mhlw.go.jp/stf/seisakunitsuite/bunya/koyou_roudou/koyou/koyouhoken/index_00003.html)""}]"
2025/9/19,求職・雇用,ポルトガル語,内職について,電話,滋賀県国際協会の情報として、内職についての具体的な案内は提供されていません。内職を含む就労には、一般的には雇用契約や賃金、労働条件の適正性に関する確認が重要です。外国人の就労に関しては、公共職業安定所（ハローワーク）での職業紹介や就労相談が利用可能です。適用される制度・相談窓口等の詳細は、滋賀労働局の連絡先など、公式な窓口へ確認してください。闇バイト等の危険性についての注意喚起も併せて案内されており、相談先として滋賀労働局 雇用環境・均等室、労働条件相談ほっとライン、警察相談ダイヤル#9110が挙げられています。,"[{""qa_id"": 270, ""カテゴリ名"": ""労働"", ""質問"": ""求職"", ""回答"": ""日本国内で就労できる外国人の方は日本人と同じように職業紹介を受ける事ができます。\n公共職業安定所　(ハローワーク)\n職業紹介、就労に関する相談などに応じる国の機関が公共職業安定所です。\n仕事が見つかり労働契約を結ぶ時の重要な決まりや雇用保険についてなど、いろいろな相談も合わせて行われています。""}]"
2025/9/30,求職・雇用,ポルトガル語,給料明細について,来所,給与明細に関する具体的な記載は、所得税の申告要件に直接影響します。給与所得のうち2000万円以下であれば所得税の申告書提出は通常不要ですが、給与から源泉徴収されるため、個別の申告が必要かは給与所得の金額と控除状況により決まります。労働トラブルがある場合は労働基準監督署へ相談してください。ねんきん等の年金情報の確認は、年金定期便やねんきんネットで行えます。,"[{""qa_id"": 336, ""カテゴリ名"": ""税金"", ""質問"": ""所得税"", ""回答"": ""所得のある人は所得税を納めなければなりません。所得は国籍に関わらず1月1日から1年間に得た個人所得のすべてに課税されます。しかし外国人の税金は滞在期間や職種などにより、次のとおりの方法で扱われます。\n- 日本に住所を持ち、または日本に引き続き1年以上居所を有する者や日本に永住しようとしている者で現在まで引き続き5年以上滞在しているものは、外国と日本の所得の両方に基づく税を支払います。\n- 日本に住所を有し、または現在まで引き続いて1年以上居所を有する個人で、日本に永住するつもりがなくかつ現在まで引き続いて5年以内滞在の一時的な居住者は、日本の所得と海外から送られてきたお金に基づく税を支払います。\n- 日本に1年以内の滞在期間で住所を持たないものは、日本の所得だけに基づく税を払います。\n納税者は管轄されている税務署で確定申告を提出します。申告の期間は2月16日から3月15日です。給与収入2000万円以下の給与所得の場合の所得税は、給与から直接差し引かれますので、通常給与所得者は所得税の申告書を提出する必要はありません。""}, {""qa_id"": 273, ""カテゴリ名"": ""労働"", ""質問"": ""労働トラブルの相談"", ""回答"": ""労働関係のトラブルがあった場合は、下記の労働基準監督署に相談しましょう。（労働契約、就労規則、給料明細などがあれば持参してください）""}, {""qa_id"": 252, ""カテゴリ名"": ""年金・保険"", ""質問"": ""自分の年金情報をチェック！"", ""回答"": ""毎年1回、誕生月に国民年金および厚生年金保険の加入者（被保険者）には、年金加入記録の確認のため、「ねんきん定期便」が届きます。届出住所が現住所と異なっている場合、「ねんきん定期便」が届きませんので、住所が変った場合は住所変更を届け出ましょう。\n年金記録の確認は\nねんきんネット (https://www.nenkin.go.jp/n_net/index.html)\n年金定期便・年金専用ダイヤル　℡　0570-058-555\n★\t保険料納付期間が１０年に満たない方も年金事務所で確認しましょう！ 年金記録に漏れがないか。（基礎年金番号が他にないか。別の氏名で登録されたものがないか。 合算対象期間がないか。（特に永住者、日本国籍の方は海外の滞在期間が合算されます。）\n★\t資格期間を満たすために次のような方法があります。 ６０歳から６５歳まで国民年金に任意加入する。（1965年4月1日以前生まれの方は最長７０歳まで任意加入できます） 国民年金後納制度を使い未納期間を解消する。（2018年9月30日まで５年後納制度が適用されます）""}]"
2025/4/4,求職・雇用,"日本語
（その他）",友人の相談,電話,友人の相談にも、まず学校や地域の相談窓口を案内できます。学校での相談は先生やスクールカウンセラーに相談しましょう。学校以外にはこどもの人権110番（0120-007-110）、チャイルドライン（0120-99-7777）、24時間子供SOSダイヤル（0120-0-78310）があります。地域の障害福祉・相談窓口として、滋賀県総合教育センターの特別支援教育相談、滋賀県立障害者福祉センター等を案内しています。必要であれば、各自治体の役場の障害福祉担当課にも相談できます。,"[{""qa_id"": 315, ""カテゴリ名"": ""出産・育児"", ""質問"": ""困りごとがあれば学校に相談しましょう！"", ""回答"": ""学校ではたくさんの手紙が配(られるので、わからない場合は先生に確認したり、面談の時には通訳をお願いしましょう。悩みや問題があれば、先生やスクールカウンセラーに相談しましょう。\n学校以外で子どもが相談できるところ\n自分のこと、友達のこと、家族のこと、その他の事で悩み、困っていることがあれば相談してください。\n- こどもの人権110番 0120-007-110　月～金8:30 -17:15\n- チャイルドライン 0120-99-7777　毎日　16:00 - 21:00\n- 24時間子供SOSダイヤル 0120-0-78310　2４時間対応（年末年始も可）""}, {""qa_id"": 344, ""カテゴリ名"": ""福祉"", ""質問"": ""悩まず、すぐ相談！"", ""回答"": ""各市町役場　障害福祉担当課\n滋賀県立障害者福祉センター　心身障害者の相談・障害者のスポーツセンター\n（プール、トレーニング室などあり）\n草津市笠山８丁目５番１３０号　℡　077-564-7327\n滋賀県総合教育センター　特別支援教育相談　　発達障害等の子どもについての相談。\n来所（要予約）電話相談　9:00-12:30　13:00-16:30\n野洲市北桜　℡　077-588-2505""}, {""qa_id"": 282, ""カテゴリ名"": ""教育"", ""質問"": ""困りごとがあれば学校に相談しましょう！"", ""回答"": ""学校ではたくさんの手紙が配られるので、わからない場合は先生に確認したり、面談の時には通訳をお願いしましょう。悩みや問題があれば、先生やスクールカウンセラーに相談しましょう。\n学校以外で子どもが相談できるところ\n自分のこと、友達のこと、家族のこと、その他の事で悩み、困っていることがあれば相談してください。\n- こどもの人権110番 0120-007-110　月～金　8:30 -17:15\n- チャイルドライン 0120-99-7777　毎日　16:00 - 21:00\n- 24時間子供SOSダイヤル 0120-0-78310　2４時間対応（年末年始も可）""}]"

2025/4/3,社会保険,ポルトガル語,傷病手当について,電話,傷病手当金は、病気やケガのため長期間休職した際に支給される給付金です。支給額は直近12か月の給与平均の2/3で、事業主が社会保険へ届け出た給与総額を基準とします。支給の要件は、業務外の事由による休養であること、医師の証明により就労不能であること、連続する4日以上休業し、かつ休業期間中に給与が支払われていないことです。詳しい適用条件や申請方法については協会けんぽ滋賀支部に問合せしてください。,"[{""qa_id"": 246, ""カテゴリ名"": ""年金・保険"", ""質問"": ""【健康保険シリーズ3】病気やケガで休職した時の補償「傷病手当金」について"", ""回答"": ""会社で加入している健康保険には、医療費以外にも給付金があります。\nその一つが「傷病手当金」です。\n病気やケガで長期間仕事を休むと、給料が支払われなくなり生活費に困ることがあります。\nしかし傷病手当金を申請すれば、生活補償として給付金が健康保険より支給されます。\n傷病手当金は、病気休業中に被保険者とその家族の生活を保障するために設けられた制度で、被保険者が病気やケガのために会社を休み、会社から十分な報酬が受けられない場合に支給されます。\n【支給金額】直近１２か月の給与を平均した額の2/3\nただし、勤務先が社会保険に届けを出している給与総額です。手取りの金額とは一致しません。\n【支給の条件】\n1. 業務外の事由による病気やケガの療養のための休業であること\n2. 仕事に就くことができないこと（医師の証明が必要です）\n3. 連続する三日間を含み四日以上仕事につけなかったこと\n4. 休業した期間について給与の支払いがないこと（事業主の証明が必要です）\nその他、傷病手当金の詳細については協会けんぽのHPをご覧いただくか、お電話にてお問合せください。\n協会けんぽ滋賀支部\n℡　077-522-1099 (日本語)""}]"
2025/9/5,社会保険,ポルトガル語,傷病手当金申請について,電話,傷病手当金は、病気やケガで休業中に給与を受けられない場合に支給されます。支給額は直近12か月の平均給与の2/3で、勤務先が社会保険に届け出ている給与総額を基準とします。支給の条件は以下のとおりです。1) 業務外の事由による休業であること、2) 医師の証明により就業不能と認定されること、3) 連続する3日を含み4日以上仕事につけなかったこと、4) 休業期間中に給与の支払いがないこと（事業主の証明が必要）。詳細は協会けんぽ滋賀支部のHPまたは電話でご確認ください。,"[{""qa_id"": 246, ""カテゴリ名"": ""年金・保険"", ""質問"": ""【健康保険シリーズ3】病気やケガで休職した時の補償「傷病手当金」について"", ""回答"": ""会社で加入している健康保険には、医療費以外にも給付金があります。\nその一つが「傷病手当金」です。\n病気やケガで長期間仕事を休むと、給料が支払われなくなり生活費に困ることがあります。\nしかし傷病手当金を申請すれば、生活補償として給付金が健康保険より支給されます。\n傷病手当金は、病気休業中に被保険者とその家族の生活を保障するために設けられた制度で、被保険者が病気やケガのために会社を休み、会社から十分な報酬が受けられない場合に支給されます。\n【支給金額】直近１２か月の給与を平均した額の2/3\nただし、勤務先が社会保険に届けを出している給与総額です。手取りの金額とは一致しません。\n【支給の条件】\n1. 業務外の事由による病気やケガの療養のための休業であること\n2. 仕事に就くことができないこと（医師の証明が必要です）\n3. 連続する三日間を含み四日以上仕事につけなかったこと\n4. 休業した期間について給与の支払いがないこと（事業主の証明が必要です）\nその他、傷病手当金の詳細については協会けんぽのHPをご覧いただくか、お電話にてお問合せください。\n協会けんぽ滋賀支部\n℡　077-522-1099 (日本語)""}]"
2025/6/17,社会保険,ポルトガル語,傷病手当,電話,傷病手当金は、病気やケガのために休業し、給与が支払われない場合に支給される、健康保険の給付金です。支給額は直近12か月の給与を平均した額の2/3で、事業主が給与総額を届け出ている金額を基準とします。支給の条件は次のとおりです。1. 業務外の事由による病気やケガの療養のための休業であること、2. 仕事に就くことができないこと（医師の証明が必要）、3. 連続する三日間を含み四日以上仕事につけなかったこと、4. 休業した期間について給与の支払いがないこと（事業主の証明が必要）。詳細は協会けんぽ滋賀支部の案内をご参照ください。,"[{""qa_id"": 246, ""カテゴリ名"": ""年金・保険"", ""質問"": ""【健康保険シリーズ3】病気やケガで休職した時の補償「傷病手当金」について"", ""回答"": ""会社で加入している健康保険には、医療費以外にも給付金があります。\nその一つが「傷病手当金」です。\n病気やケガで長期間仕事を休むと、給料が支払われなくなり生活費に困ることがあります。\nしかし傷病手当金を申請すれば、生活補償として給付金が健康保険より支給されます。\n傷病手当金は、病気休業中に被保険者とその家族の生活を保障するために設けられた制度で、被保険者が病気やケガのために会社を休み、会社から十分な報酬が受けられない場合に支給されます。\n【支給金額】直近１２か月の給与を平均した額の2/3\nただし、勤務先が社会保険に届けを出している給与総額です。手取りの金額とは一致しません。\n【支給の条件】\n1. 業務外の事由による病気やケガの療養のための休業であること\n2. 仕事に就くことができないこと（医師の証明が必要です）\n3. 連続する三日間を含み四日以上仕事につけなかったこと\n4. 休業した期間について給与の支払いがないこと（事業主の証明が必要です）\nその他、傷病手当金の詳細については協会けんぽのHPをご覧いただくか、お電話にてお問合せください。\n協会けんぽ滋賀支部\n℡　077-522-1099 (日本語)""}]"
2025/7/16,社会保険,ポルトガル語,傷病手当の申請について,電話,傷病手当金の申請については、協会けんぽ滋賀支部の案内を参照してください。支給額は直近12か月の給与の平均額の2/3で、業務外の病気やケガの療養休業で、医師の証明により就労不能と判断され、連続する三日間を含み四日以上休業し、休業期間中に給与が支払われていない場合に支給されます。申請方法や詳細な要件、必要書類、手続きの具体的手順については協会けんぽ滋賀支部にお問い合わせください（℡ 077-522-1099、日本語）。,"[{""qa_id"": 246, ""カテゴリ名"": ""年金・保険"", ""質問"": ""【健康保険シリーズ3】病気やケガで休職した時の補償「傷病手当金」について"", ""回答"": ""会社で加入している健康保険には、医療費以外にも給付金があります。\nその一つが「傷病手当金」です。\n病気やケガで長期間仕事を休むと、給料が支払われなくなり生活費に困ることがあります。\nしかし傷病手当金を申請すれば、生活補償として給付金が健康保険より支給されます。\n傷病手当金は、病気休業中に被保険者とその家族の生活を保障するために設けられた制度で、被保険者が病気やケガのために会社を休み、会社から十分な報酬が受けられない場合に支給されます。\n【支給金額】直近１２か月の給与を平均した額の2/3\nただし、勤務先が社会保険に届けを出している給与総額です。手取りの金額とは一致しません。\n【支給の条件】\n1. 業務外の事由による病気やケガの療養のための休業であること\n2. 仕事に就くことができないこと（医師の証明が必要です）\n3. 連続する三日間を含み四日以上仕事につけなかったこと\n4. 休業した期間について給与の支払いがないこと（事業主の証明が必要です）\nその他、傷病手当金の詳細については協会けんぽのHPをご覧いただくか、お電話にてお問合せください。\n協会けんぽ滋賀支部\n℡　077-522-1099 (日本語)""}]"
2025/7/28,社会保険,ポルトガル語,出産手当金,電話,出産手当金は、健康保険に加入している会社員等が出産のため長期休業した場合に支給される給付です。給付額は直近一年の平均日額の約2/3、対象期間は出産日以前の42日間（多胎は98日間）と出産日後の56日間です。手続きは勤務先を通じて健康保険へ申請します。,"[{""qa_id"": 242, ""カテゴリ名"": ""年金・保険"", ""質問"": ""【健康保険シリーズ5】子どもが生まれたら"", ""回答"": ""健康保険は病気になったときの給付だけではありません。他にもさまざまな給付があります。今日はその中でも、出産にかかわる健康保険からの給付をご紹介します。出産を控えている方にはぜひ知っておいて欲しい制度です。\n出産は保険が使えるの？「出産育児一時金」\n正常な妊娠・出産は病気ではありませんので、健康保険の対象外となります。3割負担での受診はできません。\nしかし「出産育児一時金」の直接払いの手続きをすれば、出産費用が補助されます。\n病院では補助される額を超えた分のみの費用負担で済みます。\n補助額\n一児につき50万円\n（重度の脳性麻痺を保障する制度に加入していない病院では４8.８万円）\n対象者\n妊娠４ヵ月（８５日）以降の出産で、死産を含みます。\n手続き方法\n病院で手続きができます。利用申込の書類に署名してください。\n出産育児一時金 URL: https://www.kyoukaikenpo.or.jp/g6/cat620/r310/ (https://www.kyoukaikenpo.or.jp/g6/cat620/r310/)\n*頁右上の Select language で言語を選択（英語、中国語（簡体字、繁体字）、韓国語、スペイン語、ポルトガル語）\n出産で会社を休んだら？　「出産手当金」\n妊娠や出産で長期間仕事を休むと、お給料が支払われなくなり生活に困ることもあります。しかし会社で健康保険に加入して働いている方は、「出産手当金」を請求すれば生活保障として手当金が支給されます。（扶養家族の出産は対象外です。また市町村の国民健康保険には、この制度はありません）\n給付額\n直近一年間のお給料を平均した額のおおよそ2/3\n対象期間\n出産日以前42日間（多胎妊娠は98日間）＋出産日後56日間\n手続き方法\n会社を通して健康保険に申請してください。\n出産手当金 URL: https://www.kyoukaikenpo.or.jp/g6/cat620/r311/ (https://www.kyoukaikenpo.or.jp/g6/cat620/r311/)\n*頁右上の Select language で言語を選択\nまた毎月のお給料から引かれている社会保険料も、産休中は支払いが免除されます。\n会社の総務の方に相談してみてください。""}]"

2025/7/16,税金,ポルトガル語,国民健康保険について,電話,国民健康保険は、日本に一年以上居住し、健康保険に加入していない場合に、居住地の市町村で加入します。保険料は、加入世帯の所得、固定資産税額、世帯人数などをもとに毎年決定されます。医療費自己負担は3割です。給付には出産一時金、高額医療費、葬祭費などが含まれ、病院で診察を受ける際には健康保険証を窓口に提出します。加入している場合は、国民健康保険にも高額療養費と限度額適用認定証の制度があります。,"[{""qa_id"": 256, ""カテゴリ名"": ""年金・保険"", ""質問"": ""医療保険制度"", ""回答"": ""日本の医療保険制度には、大きく分けて「健康保険」と「国民健康保険」があります。外国人も1年以上在留する場合はいずれかの保険に加入しなければなりません。医療保険に加入することにより、被保険者やその被扶養者が病気やけがをして診療を受ける場合に医療給付が受けられます。\n健康保険\n会社で常時雇用されている人は健康保険制度が適用されます。被保険者とその扶養者が加入し給付が受けられます。保険料は、加入者の所得によって決まりますが、本人が負担するのは半分で、残りの半分は雇用主が支払います。\n医療費自己負担　　3割\n- その他の給付：傷病給付、出産育児一時金、出産手当金など\n国民健康保険\n一年以上日本に居住し，健康保険に加入していない場合、居住地の市町村で国民健康保険に加入しなければなりません。\n 保険料は、加入世帯の所得、固定資産税額、世帯の人数などをもとに毎年決めています。\n医療費自己負担　　3割\n- その他の給付：出産一時金、　高額医療費、葬祭費（加入者が死亡したとき）\n- 病院で治療、診察を受ける時には健康保険証を必ず受け付けで渡して下さい。""}]"
2025/10/3,税金,ポルトガル語,自動車税について,電話,滋賀県における自動車税は、4月1日現在の自動車所有者が一年分の自動車税を納めます。なお、所有していた車を譲ったり使わなくなった場合には、名義変更や廃車登録の手続きをしてください。,"[{""qa_id"": 338, ""カテゴリ名"": ""税金"", ""質問"": ""様々な税金"", ""回答"": ""不動産取得税\n不動産取得税は不動産の取得者に課せられます。\n自動車税\nすべての自動車の所有者に課せられます。（滋賀県自動車税務署）\n軽自動車税\n軽自動車の所有者に課せられます。（各市町村税務担当課）\n固定資産税\n固定資産税は、毎年1月1日に土地、家屋などを所有しているものに課せられます。""}]"
2025/10/8,税金,ポルトガル語,年末調整について,来所,年末調整に関する情報は、国税庁の外国語版申告書（扶養控除等申告書など）を参照してください。対象となる控除の適用や制度の改正については、納税者本人の収入と配偶者の収入要件に基づく配偶者控除等の改正が平成30年度以降適用されます。年末調整の具体的な手続きや申告書の入手方法は、国税庁の公開情報をご確認ください。,"[{""qa_id"": 333, ""カテゴリ名"": ""税金"", ""質問"": ""年末調整の各種申告書（扶養控除等申告書など）について"", ""回答"": ""国税庁のウェブサイト内で、《外国語版》各種申告書（扶養控除等申告書など）が公開されています。\n【６言語版】\n英語、中国語、ポルトガル語、スペイン語、ベトナム語、フィリピノ語\nご活用ください。""}]"
2025/11/25,税金,ポルトガル語,税金について,電話,滋賀県居住者の税金は、所得税・住民税・自動車税などが対象です。所得税は国税で、所得の状況に応じて課税され、確定申告の時期は例年2月16日〜3月15日です。住民税（県民税・市町村民税）は居住地の市町村に対して課され、所得の総額に基づいて計算されます。自動車税・軽自動車税・固定資産税・不動産取得税は、それぞれ取得者・所有者・該当資産の所有に対して課されます。配偶者控除・配偶者特別控除の見直しにより、控除額には上限・所得制限があります。確定申告が必要かどうかは給与所得が2000万円以下の場合、通常は申告不要ですが、控除の訂正や事業所得などがある場合は申告が推奨されます。,"[{""qa_id"": 338, ""カテゴリ名"": ""税金"", ""質問"": ""様々な税金"", ""回答"": ""不動産取得税\n不動産取得税は不動産の取得者に課せられます。\n自動車税\nすべての自動車の所有者に課せられます。（滋賀県自動車税務署）\n軽自動車税\n軽自動車の所有者に課せられます。（各市町村税務担当課）\n固定資産税\n固定資産税は、毎年1月1日に土地、家屋などを所有しているものに課せられます。""}, {""qa_id"": 336, ""カテゴリ名"": ""税金"", ""質問"": ""所得税"", ""回答"": ""所得のある人は所得税を納めなければなりません。所得は国籍に関わらず1月1日から1年間に得た個人所得のすべてに課税されます。しかし外国人の税金は滞在期間や職種などにより、次のとおりの方法で扱われます。\n- 日本に住所を持ち、または日本に引き続き1年以上居所を有する者や日本に永住しようとしている者で現在まで引き続き5年以上滞在しているものは、外国と日本の所得の両方に基づく税を支払います。\n- 日本に住所を有し、または現在まで引き続いて1年以上居所を有する個人で、日本に永住するつもりがなくかつ現在まで引き続いて5年以内滞在の一時的な居住者は、日本の所得と海外から送られてきたお金に基づく税を支払います。\n- 日本に1年以内の滞在期間で住所を持たないものは、日本の所得だけに基づく税を払います。\n納税者は管轄されている税務署で確定申告を提出します。申告の期間は2月16日から3月15日です。給与収入2000万円以下の給与所得の場合の所得税は、給与から直接差し引かれますので、通常給与所得者は所得税の申告書を提出する必要はありません。""}, {""qa_id"": 335, ""カテゴリ名"": ""税金"", ""質問"": ""配偶者控除・配偶者特別控除の見直し"", ""回答"": ""配偶者が一定以下の収入の場合、納税者の税金が控除されます。これを配偶者控除と言います。この控除対象となる配偶者の収入や納税者本人の収入について改正され、平成３０年度分以降の所得税について適用されます。\n①納税者本人の受ける控除額\n所得控除額３８万円の対象となる配偶者の給与収入の上限が、１０３万円から１５０万円に引き上げられます。それを超えると段階的に控除額が減り、年収２０１万円で消失します。\n②納税者本人の所得制限\n配偶者控除等の適用される納税者本人に収入制限が設けられます。合計所得金額が９００万円を超えると段階的に控除額が減り、１０００万円で消失します。""}, {""qa_id"": 337, ""カテゴリ名"": ""税金"", ""質問"": ""住民税"", ""回答"": ""滋賀県の居住者は、県民税と市町村民税を支払います。これらの税は住民税といわれ、住所地の市町村を管轄する税務署に提出されている確定申告などに基づいて計算されます。住民税は国籍に関わらず、1月1日から1年間に得た個人所得のすべてに課税されます。外国人の税金は、滞在期間や職種などにより別の方法で扱われます。\n\n住民税は次のように課税されます。\n- 国籍に関わらず、1月1日に日本に住所をもち、1年以上日本に滞在する場合。\n- 1月1日現在１年以内の居住期間でも、入国後継続して1年以上日本に居住することを通常必要とする職業を有する場合。\n住民税を支払うため、1月1日現在に住所地のある市町村へ申告しなければなりません。""}, {""qa_id"": 331, ""カテゴリ名"": ""税金"", ""質問"": ""確定申告は、2026年2月16日(月)～3月16日(月)"", ""回答"": ""多額の医療費を支払った、住宅ローンがあるなど控除額に訂正がある場合や事業所得者、複数の場所で所得がある方は税務署で確定申告をしましょう。 e-Tax（電子申告）も利用できます。""}]"
2025/12/12,税金,タガログ語,納税課税証明書,E-Mail,滋賀県国際協会の情報には、納税課税証明書に関する直接の記載はありません。質問に対しては、管轄の税務署や公式サイトの案内を参照してください。,"[{""qa_id"": 331, ""カテゴリ名"": ""税金"", ""質問"": ""確定申告は、2026年2月16日(月)～3月16日(月)"", ""回答"": ""多額の医療費を支払った、住宅ローンがあるなど控除額に訂正がある場合や事業所得者、複数の場所で所得がある方は税務署で確定申告をしましょう。 e-Tax（電子申告）も利用できます。""}]"

2025/4/25,結婚・離婚,タガログ語,離婚について,来所,以下は滋賀県国際協会の情報に基づいた要点です。離婚に関する準拠法は原則として夫婦の本国方が同一ならその法律、同一でない場合は常居所地法、いずれもない場合は密接関連法ですが、一方が日本人で日本に常居所がある場合は日本の法律が適用されます。協議離婚が日本法の適用時に可能で、協議が成立しない場合は家庭裁判所の調停・審判・地方裁判所の判決により離婚します。各国の具体的な離婚法は在日公館へ問い合わせてください。,"[{""qa_id"": 310, ""カテゴリ名"": ""結婚・離婚"", ""質問"": ""離婚届"", ""回答"": ""- それぞれの夫婦が離婚する場合、どの国の法律が適用されるかという準拠法に深くかかわってきます。\n- 日本では、離婚の準拠法について、第一に夫婦の本国方が同一の時はその法律（共通本国法）により、第二にその共通本国法がない場合において夫婦の常居所地法が同一であるときはその法律によるが、第三にそのいずれの法律もない時は夫婦にもっとも密接な関係のある地の法律（密接関連法）による、とされていますが、これには例外があって、夫婦の一方が日本に常居所がある日本人であるときは、日本の法律によって決められます。\n- 日本の法律が適用される場合、協議離婚をすることができます。協議が成立しない場合は、家庭裁判所の調停や審判による離婚、地方裁判所の判決による離婚のいずれの方法もとることができます。\n- 各国の離婚に関する法律については、各在日公館にお問い合わせください。""}]"
2025/4/11,結婚・離婚,ポルトガル語,弁護士相談について,電話,滋賀県国際協会の情報のみを根拠とした回答として、弁護士相談についての要点は以下です。法テラス（日本語/多言語）を通じた法的支援が利用できます。法テラス滋賀の連絡先は電話050-3383-5454です。多言語ダイヤルは0570-078-377、一般問い合わせは0570-078-374（日本語）/0570-078377（英語等）です。必要に応じて当番弁護士制度を利用することができます。滋賀弁護士会の当番弁護士専用電話は077-522-2013です。経済的困窮者には民事法律扶助制度（法テラス）が案内されています。起訴後の国選弁護人は条件次第で依頼可能です。,"[{""qa_id"": 354, ""カテゴリ名"": ""事件・事故"", ""質問"": ""法律についての相談は"", ""回答"": ""法テラス\n℡　0570-078374（日本語）\n℡　0570-078377（英語、中国語、韓国語、スペイン語、ポルトガル語、ベトナム語、タガログ語)\n℡　03-5366-6008（多言語ダイヤル）\n法テラス滋賀\n大津市浜大津1-2-22　大津商中日生ビル５Ｆ\n℡　050-3383-5454\n滋賀弁護士会\n大津市梅林１-３-３""}, {""qa_id"": 357, ""カテゴリ名"": ""事件・事故"", ""質問"": ""刑事事件を起こしてしまったら （事件・事故）"", ""回答"": ""被疑者の権利\n被疑者の権利として３つの権利が保障されています。\n1. 事実を知る権利\n2. 黙秘権\n3. 弁護人依頼権\n当番弁護士制度\n警察に逮捕、拘留された被疑者や家族の求めに応じて弁護士会が速やかに弁護士を被疑者のところに派遣する「当番弁護士」の制度があります。要請する場合ははっきりと申し出てください。\n滋賀弁護士会　当番弁護士専用電話　　TEL　077-522-2013\n民事法律扶助制度\n経済的に困っている人には、日本司法支援センター　(法テラス)　がありますので、当番弁護士が接見に来た際に相談してください 。\n法テラス [多言語ダイヤル]　TEL 0570-078-377\n法テラス [多言語] (http://www.houterasu.or.jp/multilingual/)\n国選弁護人\n起訴後、被告人は裁判のための弁護人を依頼することができます。経済的に無理な場合は、依頼すれば政府の国選弁護人をつけてくれます。""}, {""qa_id"": 311, ""カテゴリ名"": ""結婚・離婚"", ""質問"": ""離婚についての話し合いがうまくいきません。"", ""回答"": ""家庭裁判所の調停で話し合うことができます。（日本語）\n- 大津家庭裁判所 　℡　077-503-8151\n- 大津家庭裁判所 彦根支部 　℡　0749-22-0167\n- 大津家庭裁判所 長浜支部 　℡　0749-62-0240\n- 京都外国人の夫婦と親子に関する紛争解決センター 　℡　075-692-3555""}, {""qa_id"": 273, ""カテゴリ名"": ""労働"", ""質問"": ""労働トラブルの相談"", ""回答"": ""労働関係のトラブルがあった場合は、下記の労働基準監督署に相談しましょう。（労働契約、就労規則、給料明細などがあれば持参してください）""}]"
2025/5/7,結婚・離婚,日本語（フィリピン）,家庭裁判所での調停について,電話,家庭裁判所の調停で話し合うことができます。対応窓口として、大津家庭裁判所（℡ 077-503-8151）および彦根支部（℡ 0749-22-0167）、長浜支部（℡ 0749-62-0240）があります。必要に応じて、京都外国人の夫婦と親子に関する紛争解決センター（℡ 075-692-3555）も利用可能です。,"[{""qa_id"": 311, ""カテゴリ名"": ""結婚・離婚"", ""質問"": ""離婚についての話し合いがうまくいきません。"", ""回答"": ""家庭裁判所の調停で話し合うことができます。（日本語）\n- 大津家庭裁判所 　℡　077-503-8151\n- 大津家庭裁判所 彦根支部 　℡　0749-22-0167\n- 大津家庭裁判所 長浜支部 　℡　0749-62-0240\n- 京都外国人の夫婦と親子に関する紛争解決センター 　℡　075-692-3555""}]"
2025/6/4,結婚・離婚,タガログ語,書類の確認,来所,現在の文脈での出典はS1のみが明示されています。年末調整の各種申告書（扶養控除等申告書など）は、国税庁の《外国語版》各種申告書が公開されている、という情報が示されています。従って、書類の確認に関する事実はS1に基づきます。,"[{""qa_id"": 333, ""カテゴリ名"": ""税金"", ""質問"": ""年末調整の各種申告書（扶養控除等申告書など）について"", ""回答"": ""国税庁のウェブサイト内で、《外国語版》各種申告書（扶養控除等申告書など）が公開されています。\n【６言語版】\n英語、中国語、ポルトガル語、スペイン語、ベトナム語、フィリピノ語\nご活用ください。""}]"
2025/7/4,結婚・離婚,タガログ語,外国離婚の承認裁判について,電話,滋賀県国際協会の情報に基づくと、外国離婚の承認裁判に関する具体的な記載はS1に含まれていません。したがって、承認裁判に関する正式な情報は、在日各国大使館・公館や法務省・家庭裁判所等の公式情報を確認してください。必要であれば、最寄りの家庭裁判所や京都外国人の夫婦と親子に関する紛争解決センターへご相談ください。,"[{""qa_id"": 310, ""カテゴリ名"": ""結婚・離婚"", ""質問"": ""離婚届"", ""回答"": ""- それぞれの夫婦が離婚する場合、どの国の法律が適用されるかという準拠法に深くかかわってきます。\n- 日本では、離婚の準拠法について、第一に夫婦の本国方が同一の時はその法律（共通本国法）により、第二にその共通本国法がない場合において夫婦の常居所地法が同一であるときはその法律によるが、第三にそのいずれの法律もない時は夫婦にもっとも密接な関係のある地の法律（密接関連法）による、とされていますが、これには例外があって、夫婦の一方が日本に常居所がある日本人であるときは、日本の法律によって決められます。\n- 日本の法律が適用される場合、協議離婚をすることができます。協議が成立しない場合は、家庭裁判所の調停や審判による離婚、地方裁判所の判決による離婚のいずれの方法もとることができます。\n- 各国の離婚に関する法律については、各在日公館にお問い合わせください。""}]"

2025/5/26,身分（その他）,タガログ語,パスポートの名前の変更について,電話,滋賀県国際協会の情報ベースでは、パスポート名称変更に関する具体的な案内は示されていません。よって、公式機関の案内を確認してください。必要に応じて、パスポート発行窓口や日本の外務省・日本大使館・領事館の案内をご参照ください。,"[{""qa_id"": 216, ""カテゴリ名"": ""生活"", ""質問"": ""郵便局について"", ""回答"": ""以下の関連ページに各言語で案内があります。""}]"
2025/8/15,身分（その他）,日本語（ブラジル）,ブラジル人の氏名について,電話,ブラジル人の氏名は基本的に「姓（苗字）」が母方の姓と一部地域での慣習を含む複合形式で、日常の呼称はファミリーネームを短縮せずにフルネームで記載することが多い。公式文書では姓・名の順序が地域により異なる場合があるため、現地の規定に従って記入することが推奨される。,[]
2025/8/25,身分（その他）,ポルトガル語,子の親権,電話,滋賀県国際協会の情報のみを根拠に、子の親権に関する記載は本資料には含まれていません。親権の取扱いは民法等の法制度に依存します。,"[{""qa_id"": 259, ""カテゴリ名"": ""労働"", ""質問"": ""育児介護休業法　「子の看護等休暇」の見直し (2025年４月１日からの法改正)"", ""回答"": ""- 対象となる子を小学校３年生修了まで延長\n- [ 取得事由 ]　①病気・けが、②予防接種・健康診断に加えて、③感染症に伴う学級閉鎖等、④入園（入学）式、卒園式が追加されました。\n- [ 継続雇用期間 ]　６か月未満でも取得できます。\n- [ 取得可能日数 ]　1年間に５日で子が２人以上の場合は10日""}]"
2025/8/26,身分（その他）,日本語（ブラジル）,国籍について,電話,滋賀県国際協会の情報のみを根拠とする限り、国籍に関する具体的な差別禁止の規定や手続きはS4の労働関連情報として扱われており、国籍を理由とする差別的取り扱いの禁止などの趣旨は日本の労働法の一般原則として挙げられています。なお、在留資格や在留期間、婚姻手続きなど国籍自体の取得・喪失に関する直接の手続き情報は提供されていません。国籍に関する個別の法的取り扱いについては、出入国在留管理庁などの公式情報を参照してください。,"[{""qa_id"": 271, ""カテゴリ名"": ""労働"", ""質問"": ""日本の労働関係法令（事業主側に求められていること ）"", ""回答"": ""国籍を理由とする差別的取り扱いの禁止\n使用者は、労働者の国籍、信条又は社会的身分を理由として、賃金、労働時間、その他の労働条件について、差別的取り扱いをしてはならないとされています。（労働基準法　第3条）\n労働条件の明示\n使用者は、労働契約を締結するにあたって、賃金、労働時間その他の労働条件を労働者に明示しなければなりません。特に賃金に関する事項は、書面で明示することが必要です。（労働基準法15条）\nまた、雇い入れにあたっては、賃金、労働時間等の主要な労働条件について、外国人労働者が理解できるようその内容を明らかにした書面（雇入通知書）を交付するよう求められています。\n強制労働･中間搾取の禁止\n使用者は、暴行や脅迫等で、労働者の意思に反して労働を強制してはなりません。\nまた、法令に基づいて許される場合のほか、業として他人の就職に介入して利益を得てはなりません。\n労働契約の不履行について違約金，損害賠償額を予定する契約の禁止\n契約期間満了前の退職等，労働者側の労働契約不履行について違約金を定めたり、損害賠償の額を予定する契約をすることは禁止されています。（労働基準法第16条）\n労働災害にあって療養中の労働者に対する解雇の制限\n業務上負傷し、又は疾病にかかり療養のために休業する期間及びその後30日間の解雇は禁止されています。(労働基準法第19条)\n解雇の予告\n労働者を解雇する場合には、少なくとも30日前に予告する必要があります。30日前に予告しない場合には30日に不足する日数分の平均賃金 (解雇予告手当)を支払う必要があります。\nただし、天災などのやむを得ない事由のために事業の継続が不可能になった場合や、労働者の責に帰すべき事由により解雇する場合はこの限りではありませんが、その場合、労働基準監督署長による解雇予告の除外認定を受けることが必要です。（労働基準法第20条､第21条）\n賃金の支払い\n賃金は､通貨で､労働者に対し直接に､全額を､毎月1回以上、一定期日を定めて支払わなければなりません。ただし、税金、雇用保険料などの法定控除及び組合費などの労使協定による控除は全額払いの例外となります。(労働基準法第24条)\n最低賃金\n使用者は労働者に対し最低賃金額以上の賃金を支払わなくてはなりません。最低賃金には、地域別最低賃金と産業別最低賃金があります。(最低賃金法)\n労働時間､休日\n法定労働時間は、1日8時間、1週間40時間 (一部の規模・業種の事業場については46時間)となっています。(労働基準法第32条。第40条)法定の休日は、週について１日又は４週について４日以上とされています。(労働基準法第35条)\n時間外・休日労働及び深夜労働の割増賃金\n法定の労働時間を延長し､法定の休日に労働させるには、法令で定められた一定の手続きが必要とされています。（労働基準法第36条）\nまた、法定の労働時間を超える労働に対しては､通常の労働時間または労働日の賃金の25％以上の率、法定の休日における労働に対しては、35％以上の率で計算した割増賃金を支払わなければなりません。\nさらに、深夜（午後10時から午前5時まで）における労働に対しても、25％以上の率で計算した割増賃金を支払わなければなりません。（労働基準法第37条）\n年次有給休暇\n6ヶ月間継続勤務し、全労働の8割以上出勤した労働者に対しては､年次有給休暇を与えなければなりません。（労働基準法第39条）\n金品の返還\n我が国に在留する外国人は、旅券又は外国人登録証明書を常時携帯する必要がある（入管法第23条）ので、事業主は旅券等を保管しないこととされています。\nまた、労働者が退職する際に、請求があった場合、7日以内に当該労働者の権利に属する金品を返還しなければなりません。（労働基準法第23条）\n安全衛生\n労働者の安全と衛生を確保するため、安全衛生教育（雇入れ時の教育等）、健康診断の実施等、労働者の危険又は健康障害を防止するための措置を講じなければなりません。（労働安全衛生法）""}]"
2025/8/28,身分（その他）,英語,父親を探している,E-Mail,父親探しについては、滋賀県国際協会の情報だけでは具体的な手続きや機関は示されていません。離婚問題の調停を含む一般的な相談は、大津家庭裁判所（電話番号参照）または京都外国人の夫婦と親子に関する紛争解決センターへ相談してください。父親の所在調査や親権・養育費などの法的手続きが必要な場合は、専門の弁護士や法務局・警察の人捜し窓口など、適切な機関へ相談することをおすすめします。,"[{""qa_id"": 311, ""カテゴリ名"": ""結婚・離婚"", ""質問"": ""離婚についての話し合いがうまくいきません。"", ""回答"": ""家庭裁判所の調停で話し合うことができます。（日本語）\n- 大津家庭裁判所 　℡　077-503-8151\n- 大津家庭裁判所 彦根支部 　℡　0749-22-0167\n- 大津家庭裁判所 長浜支部 　℡　0749-62-0240\n- 京都外国人の夫婦と親子に関する紛争解決センター 　℡　075-692-3555""}]"

2025/4/11,通訳・翻訳,タガログ語,書類の翻訳について,電話,滋賀県国際協会の情報に基づくと、書類の翻訳に関しては、郵便局の案内ページと、年末調整の各種申告書の外国語版案内（英語、中国語、ポルトガル語、スペイン語、ベトナム語、フィリピノ語）を活用してください。翻訳の具体的な手順や形式については、関連ページの案内をご確認ください。,"[{""qa_id"": 216, ""カテゴリ名"": ""生活"", ""質問"": ""郵便局について"", ""回答"": ""以下の関連ページに各言語で案内があります。""}]"
2025/4/15,通訳・翻訳,ポルトガル語,警察での説明,電話,滋賀県における警察での説明としては、困った時は交番へ立ち寄ること、事件・事故時には110番、事故発生時には警察への通報と現場の安全確保、必要に応じて救急車を呼ぶことが基本です。被疑者の権利として事実を知る権利・黙秘権・弁護人依頼権が保障されており、当番弁護士制度や法テラスの案内があります。なお、外国人の免許切替や自動車保険・登録・税の手続き、ヘルメット着用と自転車の交通ルール等についても警察発信情報を参照してください。,"[{""qa_id"": 351, ""カテゴリ名"": ""事件・事故"", ""質問"": ""犯罪や交通事故にあったとき （事件・事故）"", ""回答"": ""交番\n日本では街角などに「交番」があり、警察官が駐在しています。地域のパトロールや犯罪の防止、家出人や落し物などの届け出を受け付けたり、道案内などを行っていますので、困ったことがあったら気軽に立ち寄ってみましょう。\n盗難や暴行にあったとき\n留守中に泥棒に入られたり、暴力の被害にあったときは、近くの交番や警察署に届けてください。\n緊急に助けを求めたい時は、110番に電話をしましょう。預金通帳，クレジットカードを盗まれた時は、銀行やカードの発行会社に届け出て、支払停止の手続きを要請することが必要です。\n交通事故にあったとき\n交通事故にあったら、どんな小さな事故でも警察に届けましょう。ケガ人がいる時は救急車を呼んでください。""}]"
2025/4/24,通訳・翻訳,英語,通訳の募集,電話,滋賀県国際協会の情報には、通訳募集の具体的な情報は含まれていません。通訳に関する案内や相談窓口については、S1の外国人技能実習機構の連絡先などの情報はありますが、通訳募集の直接的な案内は記載されていません。必要であれば、滋賀県国際協会の窓口へお問い合わせください。,"[{""qa_id"": 274, ""カテゴリ名"": ""労働"", ""質問"": ""技能実習について"", ""回答"": ""OTIT外国人技能実習機構　母国語相談\nTel 0120-250-147（英語 English）\nTel 0120-250-169 （中国語 中文）\nTel 0120-250-197（タガログ語 Tagalog）\nTel 0120-250-197（タガログ語 Tagalog）\nTel 0120-250-168（ベトナム語 Tiếng Việt）\nTel 0120-250-192（インドネシア語 Indonesia）　 　等々""}]"
2025/4/28,通訳・翻訳,タガログ語,付き添い通訳について,来所,滋賀県国際協会の情報ベースでは、付き添い通訳に関する個別の案内ページは示されていません。必要な場合は、各項目の関連窓口（郵便局、技能実習OTIT、医療機関の外国語対応、法テラスなど）へお問い合わせください。,"[{""qa_id"": 216, ""カテゴリ名"": ""生活"", ""質問"": ""郵便局について"", ""回答"": ""以下の関連ページに各言語で案内があります。""}]"
2025/6/5,通訳・翻訳,日本語（ブラジル）,用件について,電話,S1の防災グッズ準備の内容を要約します。避難時に備え、リュックにマスク、軍手、下着、常備薬、非常食、水、現金、保険証、連絡先、身分証明書の写しなどを入れ、運動靴を用意してください。被災時の携行品として推奨される items です。,"[{""qa_id"": 360, ""カテゴリ名"": ""災害"", ""質問"": ""防災グッズは準備できていますか？"", ""回答"": ""避難する時に備えて、リュックにマスク、軍手、下着、常備薬、非常食、水、現金、保険証、連絡番号、身分証明書（パスポートや在留カード）の写しなどを入れ、運動靴を用意しておきましょう。""}]"

2025/9/22,雇労,スペイン語,職場のストレス問診票の記入,来所,職場のストレス問診票の記入については、滋賀労働局の情報を参照してください。労働トラブルや職場環境の相談先として、労働条件に関する相談窓口が案内されています。具体的な問診票の記入方法は、所属する事業主からの案内や滋賀労働局の案内に従ってください。必要に応じて雇用環境・均等室へ電話で相談することが推奨されています。,"[{""qa_id"": 273, ""カテゴリ名"": ""労働"", ""質問"": ""労働トラブルの相談"", ""回答"": ""労働関係のトラブルがあった場合は、下記の労働基準監督署に相談しましょう。（労働契約、就労規則、給料明細などがあれば持参してください）""}]"

2025/9/11,雇労（その他）,英語,離職するにあたって,E-Mail,離職時の基本は、就業規則の手続きや退職時期を事業主と話し合うことです。民法627条により、期間の定めのない契約の場合、退職の申し入れから2週間で契約は終了します。ただし、急な退職は業務引継ぎ等に支障をきたすことがあるため、事業主と時期を十分話し合って決定してください。,"[{""qa_id"": 272, ""カテゴリ名"": ""労働"", ""質問"": ""退職するときは"", ""回答"": ""自己都合による退職\n退職については、通常就業規則に定めがありますので、あらかじめその内容や手続きについて確認しておきましょう。 　なお、民法（第627条）によれば、期間に定めのない労働契約の場合は，原則として退職の申し入れから２週間後に契約は終了するものとされています。\nただし、急に「辞めたい」と申し入れることは、会社にとっては事務引継ぎなどで困ることもありますので、退職の時期等については会社と充分話し合うことが望ましいでしょう。\n事業主からの解雇\n解雇に当たっては、雇用者は労働者に少なくとも30日前にその予告をする必要があり、30日前に予告しない場合には30日に不足する日数分の平均賃金（解雇予告手当）を支払う必要があります。（労働基準法20条、21条）。""}]"
2025/4/3,雇労（その他）,ポルトガル語,職場での待遇について,電話,職場での待遇差の不合理な禁止は、同一企業内の正社員と非正規雇用労働者の間での基本給や賞与など、あらゆる待遇差を不合理に設けないことが定められています。非正規雇用労働者は待遇差の内容や理由の説明を事業主に求めることができ、事業主は求めがあった場合に説明する義務があります。行政による助言・指導等の手続き（行政ADR）も整備され、都道府県労働局が対応します。なお、具体的な相談先として滋賀労働局の連絡先が案内されています。これらは滋賀県労働局の案内に準拠しています。,"[{""qa_id"": 263, ""カテゴリ名"": ""労働"", ""質問"": ""正社員と非正規社員との間の不合理な待遇差が禁止されました！（2020年４月１日施行。中小企業における適用は、2021年４月１日。）"", ""回答"": ""同一企業内における正社員（無期雇用フルタイム労働者）とパートタイム労働者・有期 雇用労働者との間の不合理な待遇の差をなくし、どのような雇用形態を選択しても待遇 に納得して働き続けることができるよう、パートタイム・有期雇用労働法や施行規則、 同一労働同一賃金ガイドライン、パートタイム・有期雇用労働指針が施行されます。\n１ 不合理な待遇差の禁止\n同一企業内において、正社員と非正規雇用労働者との間で、基本給や賞与などの あらゆる待遇について、不合理な待遇差を設けることが禁止されます。 ガイドライン（指針）において、どのような待遇差が不合理に当たるかを例示します。\n２ 労働者に対する待遇に関する説明義務の強化\n非正規雇用労働者は、「正社員との待遇差の内容や理由」などについて、事業主に 説明を求めることができるようになります。 事業主は、非正規雇用労働者から求めがあった場合は、説明をしなければなりません。\n３　行政による事業主への助言・指導等や裁判外紛争解決手続き（行政ADR）の整備\n都道府県労働局において、無料非公開の紛争解決手続きを行います。　「均等待遇」や「待遇差の内容・理由に関する説明」についても、行政ADRの対象となります。\nお問い合わせ　滋賀労働局　077-522-6648""}]"
2025/4/3,雇労（その他）,ポルトガル語,労働契約について,電話,滋賀県国際協会の情報に基づくと、労働契約に関しては以下がポイントです。1) 有期労働契約は、反復更新で通算5年を超えた場合、労働者の申し込みにより無期労働契約へ転換できます（条件は契約開始時期等の細則あり）。2) 雇い止めについては、一定の場合に無効とされる法定化ルールがあり、更新の申込みや意思表示が必要です。3) 不合理な条件差を禁止し、賃金・労働条件の明示が義務付けられています。4) 労働条件の明示は書面での賃金明示を含み、雇入通知書の交付が推奨されています。5) 労働契約の不履行について違約金・損害賠償を事前に定めることは禁止されています。6) 労働条件の基本事項、最低賃金、時間外・深夜勤務の割増、解雇予告、年休などは法令で定められています。必要に応じて滋賀労働局相談窓口へ相談してください。,"[{""qa_id"": 273, ""カテゴリ名"": ""労働"", ""質問"": ""労働トラブルの相談"", ""回答"": ""労働関係のトラブルがあった場合は、下記の労働基準監督署に相談しましょう。（労働契約、就労規則、給料明細などがあれば持参してください）""}, {""qa_id"": 268, ""カテゴリ名"": ""労働"", ""質問"": ""有期労働契約の新しいルールについて"", ""回答"": ""有期労働契約について規定する新しいルールが、今年４月から始まります。働き方を選択する上で参考にしましょう。パート、アルバイト、派遣社員、契約社員、嘱託など、有期労働契約で働く人であれば、新しいルールの対象となります。\n※派遣社員は、派遣元（派遣会社）と締結される労働契約が対象です。\nⅠ　無期労働契約への転換\n同一の使用者との間で、有期労働契約が反復更新されて通算5年を超えたときは、労働者の申し込みにより、期間の定めのない労働契約（無期労働契約）に転換できます。\n- 通算契約期間のカウントは、平成25年（2013年）4月1日以降に開始する有期労働契約が対象です。ただし、労働契約が締結されていない期間が連続して6ヶ月以上（契約期間が１年未満の場合は、その2分の1以上）ある場合は、それ以前の契約期間は通算契約期間に含めません。\n- 通算5年を超えて締結された契約の期間内にいつでも申込みができ、申込んだ時点で無期労働契約が成立し、無期に転換されるのは、申込み時の有期労働契約が終了する翌日からです。\n- 労働契約の労働条件は、別段の定め（就業規則)、個々の労働契約）がない限り、直前の有期労働契約と同一になります。\nⅡ　雇い止めの法理」の法定化\n一定の場合には、使用者による雇い止めが認められないことになるルールが法律に規定されました。有期労働契約は、使用者が更新を拒否したとき、契約期間の満了により雇用が終了します。しかし次の①と②については無効であることが、今回、労働契約法に条文化(されました。\n※このルールが適用されるためには、労働者からの有期労働契約の更新の申込みをすること、又は、雇い止めについて「嫌だ」など意思表示をすることが必要です。\nⅢ　不合理な労働条件の禁止\n有期契約労働者と無期契約労働者との間で、期間の定めがあることによる不合理な労働条件の相違を設けることを禁止されました。\n※ 相談窓口：滋賀労働局　雇用環境・均等室　℡：077-522-6648""}, {""qa_id"": 271, ""カテゴリ名"": ""労働"", ""質問"": ""日本の労働関係法令（事業主側に求められていること ）"", ""回答"": ""国籍を理由とする差別的取り扱いの禁止\n使用者は、労働者の国籍、信条又は社会的身分を理由として、賃金、労働時間、その他の労働条件について、差別的取り扱いをしてはならないとされています。（労働基準法　第3条）\n労働条件の明示\n使用者は、労働契約を締結するにあたって、賃金、労働時間その他の労働条件を労働者に明示しなければなりません。特に賃金に関する事項は、書面で明示することが必要です。（労働基準法15条）\nまた、雇い入れにあたっては、賃金、労働時間等の主要な労働条件について、外国人労働者が理解できるようその内容を明らかにした書面（雇入通知書）を交付するよう求められています。\n強制労働･中間搾取の禁止\n使用者は、暴行や脅迫等で、労働者の意思に反して労働を強制してはなりません。\nまた、法令に基づいて許される場合のほか、業として他人の就職に介入して利益を得てはなりません。\n労働契約の不履行について違約金，損害賠償額を予定する契約の禁止\n契約期間満了前の退職等，労働者側の労働契約不履行について違約金を定めたり、損害賠償の額を予定する契約をすることは禁止されています。（労働基準法第16条）\n労働災害にあって療養中の労働者に対する解雇の制限\n業務上負傷し、又は疾病にかかり療養のために休業する期間及びその後30日間の解雇は禁止されています。(労働基準法第19条)\n解雇の予告\n労働者を解雇する場合には、少なくとも30日前に予告する必要があります。30日前に予告しない場合には30日に不足する日数分の平均賃金 (解雇予告手当)を支払う必要があります。\nただし、天災などのやむを得ない事由のために事業の継続が不可能になった場合や、労働者の責に帰すべき事由により解雇する場合はこの限りではありませんが、その場合、労働基準監督署長による解雇予告の除外認定を受けることが必要です。（労働基準法第20条､第21条）\n賃金の支払い\n賃金は､通貨で､労働者に対し直接に､全額を､毎月1回以上、一定期日を定めて支払わなければなりません。ただし、税金、雇用保険料などの法定控除及び組合費などの労使協定による控除は全額払いの例外となります。(労働基準法第24条)\n最低賃金\n使用者は労働者に対し最低賃金額以上の賃金を支払わなくてはなりません。最低賃金には、地域別最低賃金と産業別最低賃金があります。(最低賃金法)\n労働時間､休日\n法定労働時間は、1日8時間、1週間40時間 (一部の規模・業種の事業場については46時間)となっています。(労働基準法第32条。第40条)法定の休日は、週について１日又は４週について４日以上とされています。(労働基準法第35条)\n時間外・休日労働及び深夜労働の割増賃金\n法定の労働時間を延長し､法定の休日に労働させるには、法令で定められた一定の手続きが必要とされています。（労働基準法第36条）\nまた、法定の労働時間を超える労働に対しては､通常の労働時間または労働日の賃金の25％以上の率、法定の休日における労働に対しては、35％以上の率で計算した割増賃金を支払わなければなりません。\nさらに、深夜（午後10時から午前5時まで）における労働に対しても、25％以上の率で計算した割増賃金を支払わなければなりません。（労働基準法第37条）\n年次有給休暇\n6ヶ月間継続勤務し、全労働の8割以上出勤した労働者に対しては､年次有給休暇を与えなければなりません。（労働基準法第39条）\n金品の返還\n我が国に在留する外国人は、旅券又は外国人登録証明書を常時携帯する必要がある（入管法第23条）ので、事業主は旅券等を保管しないこととされています。\nまた、労働者が退職する際に、請求があった場合、7日以内に当該労働者の権利に属する金品を返還しなければなりません。（労働基準法第23条）\n安全衛生\n労働者の安全と衛生を確保するため、安全衛生教育（雇入れ時の教育等）、健康診断の実施等、労働者の危険又は健康障害を防止するための措置を講じなければなりません。（労働安全衛生法）""}]"
2025/4/7,雇労（その他）,スペイン語,給料未払いについて,電話,給料未払いについては、雇用契約や就業規則を確認し、まずは会社と話し合い、解決を図ってください。必要に応じて労働基準法に基づく保護を受けられます。具体的には、賃金は支払日までに支払われるべきであり、未払いが続く場合は最寄りの労働基準監督署へ相談・申告できます。急を要する場合は、労働基準監督署への相談や法的手段の検討を検討してください。,"[{""qa_id"": 272, ""カテゴリ名"": ""労働"", ""質問"": ""退職するときは"", ""回答"": ""自己都合による退職\n退職については、通常就業規則に定めがありますので、あらかじめその内容や手続きについて確認しておきましょう。 　なお、民法（第627条）によれば、期間に定めのない労働契約の場合は，原則として退職の申し入れから２週間後に契約は終了するものとされています。\nただし、急に「辞めたい」と申し入れることは、会社にとっては事務引継ぎなどで困ることもありますので、退職の時期等については会社と充分話し合うことが望ましいでしょう。\n事業主からの解雇\n解雇に当たっては、雇用者は労働者に少なくとも30日前にその予告をする必要があり、30日前に予告しない場合には30日に不足する日数分の平均賃金（解雇予告手当）を支払う必要があります。（労働基準法20条、21条）。""}]"
2025/4/17,雇労（その他）,ポルトガル語,退職後の掛け金返済について,電話,退職後の掛け金返済について、提供された情報には具体的な記載がありません。滋賀県国際協会の情報を根拠に事実ベースでお答えするため、該当する情報源（S1〜S5）に基づく直接の記述は見当たりません。必要な場合は、所属の担当窓口または公的機関へお問い合わせください。,"[{""qa_id"": 272, ""カテゴリ名"": ""労働"", ""質問"": ""退職するときは"", ""回答"": ""自己都合による退職\n退職については、通常就業規則に定めがありますので、あらかじめその内容や手続きについて確認しておきましょう。 　なお、民法（第627条）によれば、期間に定めのない労働契約の場合は，原則として退職の申し入れから２週間後に契約は終了するものとされています。\nただし、急に「辞めたい」と申し入れることは、会社にとっては事務引継ぎなどで困ることもありますので、退職の時期等については会社と充分話し合うことが望ましいでしょう。\n事業主からの解雇\n解雇に当たっては、雇用者は労働者に少なくとも30日前にその予告をする必要があり、30日前に予告しない場合には30日に不足する日数分の平均賃金（解雇予告手当）を支払う必要があります。（労働基準法20条、21条）。""}]"

2025/4/25,ＤＶ,ポルトガル語,弁護士相談について,電話,滋賀県国際協会の情報のみを根拠に回答します。弁護士相談については、法テラス（日本司法支援センター）を活用できます。法テラスの多言語ダイヤルは0570-078-377です。滋賀弁護士会の窓口として当番弁護士制度があり、滋賀弁護士会の専用電話は077-522-2013です。困難な経済状況の場合は国選弁護人の利用が可能です。必要に応じて法テラスの多言語ダイヤル0570-078-377へ連絡してください。,"[{""qa_id"": 354, ""カテゴリ名"": ""事件・事故"", ""質問"": ""法律についての相談は"", ""回答"": ""法テラス\n℡　0570-078374（日本語）\n℡　0570-078377（英語、中国語、韓国語、スペイン語、ポルトガル語、ベトナム語、タガログ語)\n℡　03-5366-6008（多言語ダイヤル）\n法テラス滋賀\n大津市浜大津1-2-22　大津商中日生ビル５Ｆ\n℡　050-3383-5454\n滋賀弁護士会\n大津市梅林１-３-３""}, {""qa_id"": 357, ""カテゴリ名"": ""事件・事故"", ""質問"": ""刑事事件を起こしてしまったら （事件・事故）"", ""回答"": ""被疑者の権利\n被疑者の権利として３つの権利が保障されています。\n1. 事実を知る権利\n2. 黙秘権\n3. 弁護人依頼権\n当番弁護士制度\n警察に逮捕、拘留された被疑者や家族の求めに応じて弁護士会が速やかに弁護士を被疑者のところに派遣する「当番弁護士」の制度があります。要請する場合ははっきりと申し出てください。\n滋賀弁護士会　当番弁護士専用電話　　TEL　077-522-2013\n民事法律扶助制度\n経済的に困っている人には、日本司法支援センター　(法テラス)　がありますので、当番弁護士が接見に来た際に相談してください 。\n法テラス [多言語ダイヤル]　TEL 0570-078-377\n法テラス [多言語] (http://www.houterasu.or.jp/multilingual/)\n国選弁護人\n起訴後、被告人は裁判のための弁護人を依頼することができます。経済的に無理な場合は、依頼すれば政府の国選弁護人をつけてくれます。""}]"
2025/4/16,ＤＶ,タガログ語,娘はDV被害者じゃないか？,電話,この情報だけでは娘さんがDV被害者か判断できません。デートDVは恋人同士の暴力を指しますが、滋賀県国際協会の情報源には被害者の具体的な診断は含まれていません。異変を感じる場合は信頼できる大人や専門機関へ相談してください。,"[{""qa_id"": 348, ""カテゴリ名"": ""事件・事故"", ""質問"": ""「デートDV」のこと知っていますか？"", ""回答"": ""恋人同士の間に起こる暴力のことを「デートDV」と言います。暴力には身体的、精神的、性的や経済的暴力があります。相手を思いどおりにしたり、相手をバカにしたり無視をするといった行為もDVです。親しい間柄でも自分と相手の気持ちを大切にしましょう。\n- 内閣府　「人と人とのよりよい関係をつくるために」\n- 文部科学省　「生命の安全教育」\nパートナーとの悩みの相談\n- デートDV110番 https://ddv110.org/ (https://ddv110.org/)\n- にんしんSOS滋賀　（滋賀県子育て支援課）""}]"
2025/4/18,ＤＶ,ポルトガル語,保護されている妻と子どもたちについて,電話,滋賀県の情報に基づき、保護されている妻と子どもについて要点を簡潔にまとめます。出生届・児童手当・健康保険・福祉医療費助成等、役所での手続きや大使館・入管での手続きが必要です。出産後は産後健診・新生児訪問・予防接種・乳幼児健診・離乳食教室などが無料で受けられる場合が多いです。乳幼児健診の相談や発達支援情報は市町の保健センター・発達支援センター等をご活用ください。育児と仕事の両立には育児休業・出生時育児休業・育児時間・看護休暇等の制度があり、条件を満たせば給付や保険料免除等の支援があります。,"[{""qa_id"": 318, ""カテゴリ名"": ""出産・育児"", ""質問"": ""子育て応援シリーズ① 子どもが生まれたら"", ""回答"": ""子どもが生まれたらお住まいの役所で様々な手続きがあります。外国籍の子どもには、領事館（大使館）や出入国管理局での手続きも必要になります。\n役所でする手続き\n1. 出生届\n2. 児童手当\n3. 子どもの健康保険\n4. 福祉医療費助成（乳幼児）\n大使館・出入国管理局での手続き\n- 生まれてから30日以内に出入国管理局で子どもの在留許可申請をします。\n- 各国領事館 （大使館）で子どもの国籍を取得し、パスポートの申請をします。\n子どもとお母さんの健康のために\n出産後、子どもとお母さんの健康を定期的に確認します。子どもの各種健診や教室、訪問のほとんどが無料なので積極的に利用しましょう。心配なことがあれば相談しましょう。\n- 産後健診\n- 新生児訪問\n- 予防接種\n- 乳幼児健診\n- 離乳食教室\n子どもの成長、発達が気になる．．．\nまずは乳幼児健診の時やかかりつけ医に相談しましょう。\n市町の保健センター\n市町の発達支援室・センター (https://www.pref.shiga.lg.jp/file/attachment/5397382.pdf)\n発達障害に関する外国人保護者向けパンフレット\n発達障害情報・支援センター (http://www.rehab.go.jp/ddis/world/brochure/)\n育児の不安を相談したい．．．\n市町の家庭児童相談室　市町の役場で相談しましょう。\nこころんだいやる電話相談\nTEL： 077-524-2030\n（子ども・子育て応援センター　電話、または面接での相談ができます）\n児童相談所相談専用ダイヤル\nTEL：0120-189-783\n虐待かな．．．\n児童相談所虐待対応ダイヤル\nTEL：189\n子どもを一時的に預かってほしい．．．（事前登録要）\nファミリー・サポート・センター\nファミリー・サポート・センター (https://www.hugnavi.net/child/family.php)\n「子どもを預けたい人」と「子どもを預かりたい人」を結び付け、保育所までの送迎や、保護者の病気などの際に子どもを預かったりします。\n一時預かり事業\n保護者の病気や用事の時に子どもを保育所などで一時的に預かります。\n病児・病後児保育\n病児・病後児保育 (https://hugnavi.net/child/byouji.php)\n子どもが病気の際、保護者が家庭での保育が難しい場合に、医療機関や保育所等で子どもを一時的に保育します。\n働いているので子どもを保育所で預かってもらいたい．．．\n保育所、認定こども園、認可外子ども施設などで、０歳から子どもを預かってもらえます。施設の利用にはお住まいの市町から利用のための認定を受ける必要があります。市町の役場で相談しましょう。\n一人で子どもを育てています．．．\n経済支援、就労支援のほかに、家事や子育てのサポートが受けられます。\n市町の役場で相談しましょう。\n子どもとお出かけしたい．．．\n地域子育て支援拠点\n地域子育て支援拠点 (https://hugnavi.net/child/base.php)\n子育て中の親子が集い、相互交流や子育ての不安・悩みを相談できる場です。\n児童館\n児童館 (https://hugnavi.net/child/house.php)\n健全な遊びを通して、子どもの発達を援助していく施設です。\n♡滋賀県立びわ湖こどもの国\n滋賀県立びわ湖こどもの国 (http://www.biwa.ne.jp/~kodomo92/sp/index.html)\nたくさんの遊具がある大型の児童館です。　高島市安曇川町北船木\n悩みがあれば、相談しましょう！\n★言葉が心配なときは、「しが外国人相談センター」にお電話ください。\nTEL：077-523-5646\nSHIGA SMILE BABY PROJECT　～ありがとうの贈り物～\nSHIGA SMILE BABY PROJECT　～ありがとうの贈り物～ (https://www.pref.shiga.lg.jp/ippan/kosodatekyouiku/kosodate/319567.html)\n滋賀で生まれた子どもやその家族へ「おめでとう、ありがとう」の思いをこめて、社会全体で出産・子育てを応援しているというメッセージとともに「ありがとうの贈り物」をお届けします。\n対象：１歳未満の赤ちゃん　※事前申し込みが必要です。""}]"
2025/5/7,ＤＶ,ポルトガル語,妻子の保護機関の連絡,電話,妻子の保護機関の連絡先として、自治体の児童相談所・警察・動物愛護センター等を最寄りの窓口として連絡してください。具体的な連絡先は以下の通りです（滋賀県内の例示：児童相談所全国共通ダイヤル189、虐待ホットライン等の24時間対応を活用）。重大事案は警察へ直通してください。必要に応じ市町役場の家庭児童相談室にも相談可能です。,"[{""qa_id"": 210, ""カテゴリ名"": ""生活"", ""質問"": ""ペットが行方不明になったり、保護した場合は？"", ""回答"": ""動物愛護センターや最寄りの交番か警察署に連絡しましょう。""}, {""qa_id"": 326, ""カテゴリ名"": ""出産・育児"", ""質問"": ""児童虐待の疑いがある場合はすぐに連絡しましょう"", ""回答"": ""虐待ホットライン（24時間対応）\n電話 : 077-562-8996　（日本語）\n中央子ども家庭相談センター\n草津市笠山七丁目4番45号　　電話: 077-562-1121\n彦根子ども家庭相談センター\n彦根市小泉町932-1　　電話: 0749-24-3741\n大津・高島子ども家庭相談センター\n大津市におの浜4-4-5　　電話: 077-548-7768\n児童相談所全国共通ダイヤル（24時間対応）\n電話：189""}, {""qa_id"": 311, ""カテゴリ名"": ""結婚・離婚"", ""質問"": ""離婚についての話し合いがうまくいきません。"", ""回答"": ""家庭裁判所の調停で話し合うことができます。（日本語）\n- 大津家庭裁判所 　℡　077-503-8151\n- 大津家庭裁判所 彦根支部 　℡　0749-22-0167\n- 大津家庭裁判所 長浜支部 　℡　0749-62-0240\n- 京都外国人の夫婦と親子に関する紛争解決センター 　℡　075-692-3555""}]"
2025/5/16,ＤＶ,ポルトガル語,妻子のパスポート,電話,質問「妻子のパスポート」に関して、滋賀県国際協会の情報（S1〜S5の出典）には、パスポートに直接関する具体的な手続きや要件は含まれていません。よって、当協会の公開情報だけを根拠に事実を述べることができません。パスポートに関する一般的な案内は、在日日本大使館・総領事館または外務省の公式情報をご確認ください。,"[{""qa_id"": 310, ""カテゴリ名"": ""結婚・離婚"", ""質問"": ""離婚届"", ""回答"": ""- それぞれの夫婦が離婚する場合、どの国の法律が適用されるかという準拠法に深くかかわってきます。\n- 日本では、離婚の準拠法について、第一に夫婦の本国方が同一の時はその法律（共通本国法）により、第二にその共通本国法がない場合において夫婦の常居所地法が同一であるときはその法律によるが、第三にそのいずれの法律もない時は夫婦にもっとも密接な関係のある地の法律（密接関連法）による、とされていますが、これには例外があって、夫婦の一方が日本に常居所がある日本人であるときは、日本の法律によって決められます。\n- 日本の法律が適用される場合、協議離婚をすることができます。協議が成立しない場合は、家庭裁判所の調停や審判による離婚、地方裁判所の判決による離婚のいずれの方法もとることができます。\n- 各国の離婚に関する法律については、各在日公館にお問い合わせください。""}]"
